,name,code,value,date
0,bat (Tajlandia),THB,0.114,2023-12-04
1,dolar amerykański,USD,3.985,2023-12-04
2,dolar australijski,AUD,2.651,2023-12-04
3,dolar Hongkongu,HKD,0.51,2023-12-04
4,dolar kanadyjski,CAD,2.9435,2023-12-04
5,dolar nowozelandzki,NZD,2.4669,2023-12-04
6,dolar singapurski,SGD,2.9865,2023-12-04
7,euro,EUR,4.3337,2023-12-04
8,forint (Węgry),HUF,0.011416,2023-12-04
9,frank szwajcarski,CHF,4.5678,2023-12-04
10,funt szterling,GBP,5.0509,2023-12-04
11,hrywna (Ukraina),UAH,0.1091,2023-12-04
12,jen (Japonia),JPY,0.02718,2023-12-04
13,korona czeska,CZK,0.1779,2023-12-04
14,korona duńska,DKK,0.5813,2023-12-04
15,korona islandzka,ISK,0.028681,2023-12-04
16,korona norweska,NOK,0.3712,2023-12-04
17,korona szwedzka,SEK,0.3831,2023-12-04
18,lej rumuński,RON,0.8723,2023-12-04
19,lew (Bułgaria),BGN,2.2158,2023-12-04
20,lira turecka,TRY,0.1381,2023-12-04
21,nowy izraelski szekel,ILS,1.075,2023-12-04
22,peso chilijskie,CLP,0.004639,2023-12-04
23,peso filipińskie,PHP,0.072,2023-12-04
24,peso meksykańskie,MXN,0.2311,2023-12-04
25,rand (Republika Południowej Afryki),ZAR,0.2131,2023-12-04
26,real (Brazylia),BRL,0.8165,2023-12-04
27,ringgit (Malezja),MYR,0.8556,2023-12-04
28,rupia indonezyjska,IDR,0.00025785,2023-12-04
29,rupia indyjska,INR,0.047809,2023-12-04
30,won południowokoreański,KRW,0.003056,2023-12-04
31,yuan renminbi (Chiny),CNY,0.5584,2023-12-04
32,SDR (MFW),XDR,5.3091,2023-12-04
33,bat (Tajlandia),THB,0.1131,2023-12-05
34,dolar amerykański,USD,3.991,2023-12-05
35,dolar australijski,AUD,2.6252,2023-12-05
36,dolar Hongkongu,HKD,0.5107,2023-12-05
37,dolar kanadyjski,CAD,2.9449,2023-12-05
38,dolar nowozelandzki,NZD,2.4545,2023-12-05
39,dolar singapurski,SGD,2.9821,2023-12-05
40,euro,EUR,4.3233,2023-12-05
41,forint (Węgry),HUF,0.011398,2023-12-05
42,frank szwajcarski,CHF,4.5689,2023-12-05
43,funt szterling,GBP,5.0417,2023-12-05
44,hrywna (Ukraina),UAH,0.1088,2023-12-05
45,jen (Japonia),JPY,0.02714,2023-12-05
46,korona czeska,CZK,0.1772,2023-12-05
47,korona duńska,DKK,0.5798,2023-12-05
48,korona islandzka,ISK,0.02865,2023-12-05
49,korona norweska,NOK,0.3677,2023-12-05
50,korona szwedzka,SEK,0.3823,2023-12-05
51,lej rumuński,RON,0.8703,2023-12-05
52,lew (Bułgaria),BGN,2.2104,2023-12-05
53,lira turecka,TRY,0.1382,2023-12-05
54,nowy izraelski szekel,ILS,1.0723,2023-12-05
55,peso chilijskie,CLP,0.004595,2023-12-05
56,peso filipińskie,PHP,0.0722,2023-12-05
57,peso meksykańskie,MXN,0.2284,2023-12-05
58,rand (Republika Południowej Afryki),ZAR,0.2123,2023-12-05
59,real (Brazylia),BRL,0.8071,2023-12-05
60,ringgit (Malezja),MYR,0.8558,2023-12-05
61,rupia indonezyjska,IDR,0.00025742,2023-12-05
62,rupia indyjska,INR,0.047869,2023-12-05
63,won południowokoreański,KRW,0.003035,2023-12-05
64,yuan renminbi (Chiny),CNY,0.5588,2023-12-05
65,SDR (MFW),XDR,5.3013,2023-12-05
66,bat (Tajlandia),THB,0.1144,2023-12-06
67,dolar amerykański,USD,4.0202,2023-12-06
68,dolar australijski,AUD,2.6426,2023-12-06
69,dolar Hongkongu,HKD,0.5148,2023-12-06
70,dolar kanadyjski,CAD,2.9595,2023-12-06
71,dolar nowozelandzki,NZD,2.4713,2023-12-06
72,dolar singapurski,SGD,2.9983,2023-12-06
73,euro,EUR,4.3382,2023-12-06
74,forint (Węgry),HUF,0.011401,2023-12-06
75,frank szwajcarski,CHF,4.5982,2023-12-06
76,funt szterling,GBP,5.0656,2023-12-06
77,hrywna (Ukraina),UAH,0.1095,2023-12-06
78,jen (Japonia),JPY,0.027288,2023-12-06
79,korona czeska,CZK,0.1784,2023-12-06
80,korona duńska,DKK,0.5819,2023-12-06
81,korona islandzka,ISK,0.028902,2023-12-06
82,korona norweska,NOK,0.3666,2023-12-06
83,korona szwedzka,SEK,0.3831,2023-12-06
84,lej rumuński,RON,0.8733,2023-12-06
85,lew (Bułgaria),BGN,2.2181,2023-12-06
86,lira turecka,TRY,0.1391,2023-12-06
87,nowy izraelski szekel,ILS,1.0837,2023-12-06
88,peso chilijskie,CLP,0.00458,2023-12-06
89,peso filipińskie,PHP,0.0727,2023-12-06
90,peso meksykańskie,MXN,0.232,2023-12-06
91,rand (Republika Południowej Afryki),ZAR,0.2118,2023-12-06
92,real (Brazylia),BRL,0.8157,2023-12-06
93,ringgit (Malezja),MYR,0.8611,2023-12-06
94,rupia indonezyjska,IDR,0.00025949,2023-12-06
95,rupia indyjska,INR,0.048243,2023-12-06
96,won południowokoreański,KRW,0.003058,2023-12-06
97,yuan renminbi (Chiny),CNY,0.5615,2023-12-06
98,SDR (MFW),XDR,5.3331,2023-12-06
99,bat (Tajlandia),THB,0.1143,2023-12-07
100,dolar amerykański,USD,4.0199,2023-12-07
101,dolar australijski,AUD,2.6418,2023-12-07
102,dolar Hongkongu,HKD,0.5146,2023-12-07
103,dolar kanadyjski,CAD,2.9586,2023-12-07
104,dolar nowozelandzki,NZD,2.4725,2023-12-07
105,dolar singapurski,SGD,3.0017,2023-12-07
106,euro,EUR,4.3334,2023-12-07
107,forint (Węgry),HUF,0.01138,2023-12-07
108,frank szwajcarski,CHF,4.6027,2023-12-07
109,funt szterling,GBP,5.0597,2023-12-07
110,hrywna (Ukraina),UAH,0.1096,2023-12-07
111,jen (Japonia),JPY,0.02775,2023-12-07
112,korona czeska,CZK,0.178,2023-12-07
113,korona duńska,DKK,0.5813,2023-12-07
114,korona islandzka,ISK,0.02887,2023-12-07
115,korona norweska,NOK,0.3683,2023-12-07
116,korona szwedzka,SEK,0.3845,2023-12-07
117,lej rumuński,RON,0.8722,2023-12-07
118,lew (Bułgaria),BGN,2.2156,2023-12-07
119,lira turecka,TRY,0.1392,2023-12-07
120,nowy izraelski szekel,ILS,1.0867,2023-12-07
121,peso chilijskie,CLP,0.004613,2023-12-07
122,peso filipińskie,PHP,0.0727,2023-12-07
123,peso meksykańskie,MXN,0.2325,2023-12-07
124,rand (Republika Południowej Afryki),ZAR,0.2132,2023-12-07
125,real (Brazylia),BRL,0.8199,2023-12-07
126,ringgit (Malezja),MYR,0.86,2023-12-07
127,rupia indonezyjska,IDR,0.00025909,2023-12-07
128,rupia indyjska,INR,0.048219,2023-12-07
129,won południowokoreański,KRW,0.003047,2023-12-07
130,yuan renminbi (Chiny),CNY,0.5622,2023-12-07
131,SDR (MFW),XDR,5.3372,2023-12-07
132,bat (Tajlandia),THB,0.1137,2023-12-08
133,dolar amerykański,USD,4.0181,2023-12-08
134,dolar australijski,AUD,2.6546,2023-12-08
135,dolar Hongkongu,HKD,0.5145,2023-12-08
136,dolar kanadyjski,CAD,2.959,2023-12-08
137,dolar nowozelandzki,NZD,2.4699,2023-12-08
138,dolar singapurski,SGD,3.0009,2023-12-08
139,euro,EUR,4.3303,2023-12-08
140,forint (Węgry),HUF,0.011317,2023-12-08
141,frank szwajcarski,CHF,4.5913,2023-12-08
142,funt szterling,GBP,5.0458,2023-12-08
143,hrywna (Ukraina),UAH,0.1093,2023-12-08
144,jen (Japonia),JPY,0.027848,2023-12-08
145,korona czeska,CZK,0.1779,2023-12-08
146,korona duńska,DKK,0.5808,2023-12-08
147,korona islandzka,ISK,0.028849,2023-12-08
148,korona norweska,NOK,0.3694,2023-12-08
149,korona szwedzka,SEK,0.3856,2023-12-08
150,lej rumuński,RON,0.8717,2023-12-08
151,lew (Bułgaria),BGN,2.214,2023-12-08
152,lira turecka,TRY,0.1386,2023-12-08
153,nowy izraelski szekel,ILS,1.0868,2023-12-08
154,peso chilijskie,CLP,0.004611,2023-12-08
155,peso filipińskie,PHP,0.0725,2023-12-08
156,peso meksykańskie,MXN,0.2304,2023-12-08
157,rand (Republika Południowej Afryki),ZAR,0.2127,2023-12-08
158,real (Brazylia),BRL,0.818,2023-12-08
159,ringgit (Malezja),MYR,0.8614,2023-12-08
160,rupia indonezyjska,IDR,0.00025906,2023-12-08
161,rupia indyjska,INR,0.048191,2023-12-08
162,won południowokoreański,KRW,0.003068,2023-12-08
163,yuan renminbi (Chiny),CNY,0.5609,2023-12-08
164,SDR (MFW),XDR,5.3418,2023-12-08
165,bat (Tajlandia),THB,0.1129,2023-12-11
166,dolar amerykański,USD,4.0277,2023-12-11
167,dolar australijski,AUD,2.6411,2023-12-11
168,dolar Hongkongu,HKD,0.5159,2023-12-11
169,dolar kanadyjski,CAD,2.9631,2023-12-11
170,dolar nowozelandzki,NZD,2.4614,2023-12-11
171,dolar singapurski,SGD,2.9972,2023-12-11
172,euro,EUR,4.3366,2023-12-11
173,forint (Węgry),HUF,0.011373,2023-12-11
174,frank szwajcarski,CHF,4.5824,2023-12-11
175,funt szterling,GBP,5.0567,2023-12-11
176,hrywna (Ukraina),UAH,0.1092,2023-12-11
177,jen (Japonia),JPY,0.027551,2023-12-11
178,korona czeska,CZK,0.1782,2023-12-11
179,korona duńska,DKK,0.5816,2023-12-11
180,korona islandzka,ISK,0.028776,2023-12-11
181,korona norweska,NOK,0.3686,2023-12-11
182,korona szwedzka,SEK,0.3849,2023-12-11
183,lej rumuński,RON,0.8723,2023-12-11
184,lew (Bułgaria),BGN,2.2172,2023-12-11
185,lira turecka,TRY,0.1389,2023-12-11
186,nowy izraelski szekel,ILS,1.0856,2023-12-11
187,peso chilijskie,CLP,0.004622,2023-12-11
188,peso filipińskie,PHP,0.0724,2023-12-11
189,peso meksykańskie,MXN,0.2315,2023-12-11
190,rand (Republika Południowej Afryki),ZAR,0.2109,2023-12-11
191,real (Brazylia),BRL,0.8175,2023-12-11
192,ringgit (Malezja),MYR,0.8602,2023-12-11
193,rupia indonezyjska,IDR,0.00025794,2023-12-11
194,rupia indyjska,INR,0.048306,2023-12-11
195,won południowokoreański,KRW,0.003052,2023-12-11
196,yuan renminbi (Chiny),CNY,0.561,2023-12-11
197,SDR (MFW),XDR,5.3493,2023-12-11
198,bat (Tajlandia),THB,0.1127,2023-12-12
199,dolar amerykański,USD,4.0204,2023-12-12
200,dolar australijski,AUD,2.6502,2023-12-12
201,dolar Hongkongu,HKD,0.5149,2023-12-12
202,dolar kanadyjski,CAD,2.9635,2023-12-12
203,dolar nowozelandzki,NZD,2.4735,2023-12-12
204,dolar singapurski,SGD,2.9959,2023-12-12
205,euro,EUR,4.3396,2023-12-12
206,forint (Węgry),HUF,0.011345,2023-12-12
207,frank szwajcarski,CHF,4.581,2023-12-12
208,funt szterling,GBP,5.0516,2023-12-12
209,hrywna (Ukraina),UAH,0.1087,2023-12-12
210,jen (Japonia),JPY,0.027649,2023-12-12
211,korona czeska,CZK,0.1777,2023-12-12
212,korona duńska,DKK,0.582,2023-12-12
213,korona islandzka,ISK,0.028758,2023-12-12
214,korona norweska,NOK,0.3686,2023-12-12
215,korona szwedzka,SEK,0.3843,2023-12-12
216,lej rumuński,RON,0.8727,2023-12-12
217,lew (Bułgaria),BGN,2.2188,2023-12-12
218,lira turecka,TRY,0.1385,2023-12-12
219,nowy izraelski szekel,ILS,1.0855,2023-12-12
220,peso chilijskie,CLP,0.004559,2023-12-12
221,peso filipińskie,PHP,0.0723,2023-12-12
222,peso meksykańskie,MXN,0.2318,2023-12-12
223,rand (Republika Południowej Afryki),ZAR,0.2122,2023-12-12
224,real (Brazylia),BRL,0.814,2023-12-12
225,ringgit (Malezja),MYR,0.8582,2023-12-12
226,rupia indonezyjska,IDR,0.00025739,2023-12-12
227,rupia indyjska,INR,0.048209,2023-12-12
228,won południowokoreański,KRW,0.003063,2023-12-12
229,yuan renminbi (Chiny),CNY,0.5602,2023-12-12
230,SDR (MFW),XDR,5.355,2023-12-12
231,bat (Tajlandia),THB,0.1122,2023-12-13
232,dolar amerykański,USD,4.0149,2023-12-13
233,dolar australijski,AUD,2.6316,2023-12-13
234,dolar Hongkongu,HKD,0.5138,2023-12-13
235,dolar kanadyjski,CAD,2.9535,2023-12-13
236,dolar nowozelandzki,NZD,2.4479,2023-12-13
237,dolar singapurski,SGD,2.9878,2023-12-13
238,euro,EUR,4.3309,2023-12-13
239,forint (Węgry),HUF,0.011349,2023-12-13
240,frank szwajcarski,CHF,4.5827,2023-12-13
241,funt szterling,GBP,5.0289,2023-12-13
242,hrywna (Ukraina),UAH,0.1084,2023-12-13
243,jen (Japonia),JPY,0.027528,2023-12-13
244,korona czeska,CZK,0.1767,2023-12-13
245,korona duńska,DKK,0.5808,2023-12-13
246,korona islandzka,ISK,0.0287,2023-12-13
247,korona norweska,NOK,0.3652,2023-12-13
248,korona szwedzka,SEK,0.384,2023-12-13
249,lej rumuński,RON,0.8707,2023-12-13
250,lew (Bułgaria),BGN,2.2143,2023-12-13
251,lira turecka,TRY,0.1383,2023-12-13
252,nowy izraelski szekel,ILS,1.0841,2023-12-13
253,peso chilijskie,CLP,0.004588,2023-12-13
254,peso filipińskie,PHP,0.0716,2023-12-13
255,peso meksykańskie,MXN,0.2319,2023-12-13
256,rand (Republika Południowej Afryki),ZAR,0.211,2023-12-13
257,real (Brazylia),BRL,0.8084,2023-12-13
258,ringgit (Malezja),MYR,0.8531,2023-12-13
259,rupia indonezyjska,IDR,0.00025638,2023-12-13
260,rupia indyjska,INR,0.048136,2023-12-13
261,won południowokoreański,KRW,0.003043,2023-12-13
262,yuan renminbi (Chiny),CNY,0.559,2023-12-13
263,SDR (MFW),XDR,5.3279,2023-12-13
264,bat (Tajlandia),THB,0.1127,2023-12-14
265,dolar amerykański,USD,3.9484,2023-12-14
266,dolar australijski,AUD,2.6495,2023-12-14
267,dolar Hongkongu,HKD,0.5057,2023-12-14
268,dolar kanadyjski,CAD,2.9351,2023-12-14
269,dolar nowozelandzki,NZD,2.4551,2023-12-14
270,dolar singapurski,SGD,2.969,2023-12-14
271,euro,EUR,4.3053,2023-12-14
272,forint (Węgry),HUF,0.011335,2023-12-14
273,frank szwajcarski,CHF,4.5328,2023-12-14
274,funt szterling,GBP,5.0015,2023-12-14
275,hrywna (Ukraina),UAH,0.1068,2023-12-14
276,jen (Japonia),JPY,0.027906,2023-12-14
277,korona czeska,CZK,0.1761,2023-12-14
278,korona duńska,DKK,0.5774,2023-12-14
279,korona islandzka,ISK,0.028721,2023-12-14
280,korona norweska,NOK,0.3739,2023-12-14
281,korona szwedzka,SEK,0.3842,2023-12-14
282,lej rumuński,RON,0.8659,2023-12-14
283,lew (Bułgaria),BGN,2.2012,2023-12-14
284,lira turecka,TRY,0.136,2023-12-14
285,nowy izraelski szekel,ILS,1.0765,2023-12-14
286,peso chilijskie,CLP,0.004534,2023-12-14
287,peso filipińskie,PHP,0.0708,2023-12-14
288,peso meksykańskie,MXN,0.2289,2023-12-14
289,rand (Republika Południowej Afryki),ZAR,0.213,2023-12-14
290,real (Brazylia),BRL,0.8025,2023-12-14
291,ringgit (Malezja),MYR,0.845,2023-12-14
292,rupia indonezyjska,IDR,0.00025478,2023-12-14
293,rupia indyjska,INR,0.047397,2023-12-14
294,won południowokoreański,KRW,0.003044,2023-12-14
295,yuan renminbi (Chiny),CNY,0.5535,2023-12-14
296,SDR (MFW),XDR,5.2993,2023-12-14
297,bat (Tajlandia),THB,0.1129,2023-12-15
298,dolar amerykański,USD,3.9326,2023-12-15
299,dolar australijski,AUD,2.6433,2023-12-15
300,dolar Hongkongu,HKD,0.5038,2023-12-15
301,dolar kanadyjski,CAD,2.9401,2023-12-15
302,dolar nowozelandzki,NZD,2.4474,2023-12-15
303,dolar singapurski,SGD,2.9602,2023-12-15
304,euro,EUR,4.3103,2023-12-15
305,forint (Węgry),HUF,0.011332,2023-12-15
306,frank szwajcarski,CHF,4.5374,2023-12-15
307,funt szterling,GBP,5.024,2023-12-15
308,hrywna (Ukraina),UAH,0.1063,2023-12-15
309,jen (Japonia),JPY,0.027739,2023-12-15
310,korona czeska,CZK,0.1765,2023-12-15
311,korona duńska,DKK,0.5781,2023-12-15
312,korona islandzka,ISK,0.02864,2023-12-15
313,korona norweska,NOK,0.3756,2023-12-15
314,korona szwedzka,SEK,0.384,2023-12-15
315,lej rumuński,RON,0.8672,2023-12-15
316,lew (Bułgaria),BGN,2.2038,2023-12-15
317,lira turecka,TRY,0.1353,2023-12-15
318,nowy izraelski szekel,ILS,1.0747,2023-12-15
319,peso chilijskie,CLP,0.004543,2023-12-15
320,peso filipińskie,PHP,0.0706,2023-12-15
321,peso meksykańskie,MXN,0.2286,2023-12-15
322,rand (Republika Południowej Afryki),ZAR,0.2167,2023-12-15
323,real (Brazylia),BRL,0.8,2023-12-15
324,ringgit (Malezja),MYR,0.842,2023-12-15
325,rupia indonezyjska,IDR,0.00025384,2023-12-15
326,rupia indyjska,INR,0.047368,2023-12-15
327,won południowokoreański,KRW,0.003033,2023-12-15
328,yuan renminbi (Chiny),CNY,0.5534,2023-12-15
329,SDR (MFW),XDR,5.284,2023-12-15
330,bat (Tajlandia),THB,0.1132,2023-12-18
331,dolar amerykański,USD,3.9625,2023-12-18
332,dolar australijski,AUD,2.6666,2023-12-18
333,dolar Hongkongu,HKD,0.5081,2023-12-18
334,dolar kanadyjski,CAD,2.9625,2023-12-18
335,dolar nowozelandzki,NZD,2.4748,2023-12-18
336,dolar singapurski,SGD,2.977,2023-12-18
337,euro,EUR,4.3269,2023-12-18
338,forint (Węgry),HUF,0.011259,2023-12-18
339,frank szwajcarski,CHF,4.5611,2023-12-18
340,funt szterling,GBP,5.0196,2023-12-18
341,hrywna (Ukraina),UAH,0.1065,2023-12-18
342,jen (Japonia),JPY,0.027809,2023-12-18
343,korona czeska,CZK,0.1764,2023-12-18
344,korona duńska,DKK,0.5805,2023-12-18
345,korona islandzka,ISK,0.02875,2023-12-18
346,korona norweska,NOK,0.3803,2023-12-18
347,korona szwedzka,SEK,0.3873,2023-12-18
348,lej rumuński,RON,0.8707,2023-12-18
349,lew (Bułgaria),BGN,2.2123,2023-12-18
350,lira turecka,TRY,0.1363,2023-12-18
351,nowy izraelski szekel,ILS,1.0847,2023-12-18
352,peso chilijskie,CLP,0.004553,2023-12-18
353,peso filipińskie,PHP,0.071,2023-12-18
354,peso meksykańskie,MXN,0.23,2023-12-18
355,rand (Republika Południowej Afryki),ZAR,0.2153,2023-12-18
356,real (Brazylia),BRL,0.8019,2023-12-18
357,ringgit (Malezja),MYR,0.8442,2023-12-18
358,rupia indonezyjska,IDR,0.00025548,2023-12-18
359,rupia indyjska,INR,0.047701,2023-12-18
360,won południowokoreański,KRW,0.00305,2023-12-18
361,yuan renminbi (Chiny),CNY,0.5555,2023-12-18
362,SDR (MFW),XDR,5.3001,2023-12-18
363,bat (Tajlandia),THB,0.1132,2023-12-19
364,dolar amerykański,USD,3.9591,2023-12-19
365,dolar australijski,AUD,2.6652,2023-12-19
366,dolar Hongkongu,HKD,0.5076,2023-12-19
367,dolar kanadyjski,CAD,2.9577,2023-12-19
368,dolar nowozelandzki,NZD,2.4701,2023-12-19
369,dolar singapurski,SGD,2.9715,2023-12-19
370,euro,EUR,4.3321,2023-12-19
371,forint (Węgry),HUF,0.011297,2023-12-19
372,frank szwajcarski,CHF,4.5709,2023-12-19
373,funt szterling,GBP,5.0283,2023-12-19
374,hrywna (Ukraina),UAH,0.1061,2023-12-19
375,jen (Japonia),JPY,0.027393,2023-12-19
376,korona czeska,CZK,0.1767,2023-12-19
377,korona duńska,DKK,0.5811,2023-12-19
378,korona islandzka,ISK,0.028708,2023-12-19
379,korona norweska,NOK,0.3823,2023-12-19
380,korona szwedzka,SEK,0.3881,2023-12-19
381,lej rumuński,RON,0.8716,2023-12-19
382,lew (Bułgaria),BGN,2.2149,2023-12-19
383,lira turecka,TRY,0.1363,2023-12-19
384,nowy izraelski szekel,ILS,1.0842,2023-12-19
385,peso chilijskie,CLP,0.004529,2023-12-19
386,peso filipińskie,PHP,0.0707,2023-12-19
387,peso meksykańskie,MXN,0.2314,2023-12-19
388,rand (Republika Południowej Afryki),ZAR,0.214,2023-12-19
389,real (Brazylia),BRL,0.8085,2023-12-19
390,ringgit (Malezja),MYR,0.8457,2023-12-19
391,rupia indonezyjska,IDR,0.00025535,2023-12-19
392,rupia indyjska,INR,0.047602,2023-12-19
393,won południowokoreański,KRW,0.003027,2023-12-19
394,yuan renminbi (Chiny),CNY,0.5543,2023-12-19
395,SDR (MFW),XDR,5.3035,2023-12-19
396,bat (Tajlandia),THB,0.1133,2023-12-20
397,dolar amerykański,USD,3.9527,2023-12-20
398,dolar australijski,AUD,2.6747,2023-12-20
399,dolar Hongkongu,HKD,0.5065,2023-12-20
400,dolar kanadyjski,CAD,2.9654,2023-12-20
401,dolar nowozelandzki,NZD,2.4858,2023-12-20
402,dolar singapurski,SGD,2.974,2023-12-20
403,euro,EUR,4.3341,2023-12-20
404,forint (Węgry),HUF,0.011259,2023-12-20
405,frank szwajcarski,CHF,4.5885,2023-12-20
406,funt szterling,GBP,5.0117,2023-12-20
407,hrywna (Ukraina),UAH,0.1052,2023-12-20
408,jen (Japonia),JPY,0.027563,2023-12-20
409,korona czeska,CZK,0.1767,2023-12-20
410,korona duńska,DKK,0.5813,2023-12-20
411,korona islandzka,ISK,0.028798,2023-12-20
412,korona norweska,NOK,0.3848,2023-12-20
413,korona szwedzka,SEK,0.3893,2023-12-20
414,lej rumuński,RON,0.872,2023-12-20
415,lew (Bułgaria),BGN,2.216,2023-12-20
416,lira turecka,TRY,0.1359,2023-12-20
417,nowy izraelski szekel,ILS,1.0847,2023-12-20
418,peso chilijskie,CLP,0.004586,2023-12-20
419,peso filipińskie,PHP,0.0709,2023-12-20
420,peso meksykańskie,MXN,0.2313,2023-12-20
421,rand (Republika Południowej Afryki),ZAR,0.2162,2023-12-20
422,real (Brazylia),BRL,0.8126,2023-12-20
423,ringgit (Malezja),MYR,0.8486,2023-12-20
424,rupia indonezyjska,IDR,0.00025485,2023-12-20
425,rupia indyjska,INR,0.047521,2023-12-20
426,won południowokoreański,KRW,0.003037,2023-12-20
427,yuan renminbi (Chiny),CNY,0.5538,2023-12-20
428,SDR (MFW),XDR,5.2842,2023-12-20
429,bat (Tajlandia),THB,0.1138,2023-12-21
430,dolar amerykański,USD,3.9645,2023-12-21
431,dolar australijski,AUD,2.6756,2023-12-21
432,dolar Hongkongu,HKD,0.5076,2023-12-21
433,dolar kanadyjski,CAD,2.9702,2023-12-21
434,dolar nowozelandzki,NZD,2.4786,2023-12-21
435,dolar singapurski,SGD,2.9805,2023-12-21
436,euro,EUR,4.3387,2023-12-21
437,forint (Węgry),HUF,0.011327,2023-12-21
438,frank szwajcarski,CHF,4.5988,2023-12-21
439,funt szterling,GBP,5.0077,2023-12-21
440,hrywna (Ukraina),UAH,0.1055,2023-12-21
441,jen (Japonia),JPY,0.027713,2023-12-21
442,korona czeska,CZK,0.1771,2023-12-21
443,korona duńska,DKK,0.5818,2023-12-21
444,korona islandzka,ISK,0.028867,2023-12-21
445,korona norweska,NOK,0.3836,2023-12-21
446,korona szwedzka,SEK,0.3896,2023-12-21
447,lej rumuński,RON,0.8731,2023-12-21
448,lew (Bułgaria),BGN,2.2183,2023-12-21
449,lira turecka,TRY,0.136,2023-12-21
450,nowy izraelski szekel,ILS,1.0974,2023-12-21
451,peso chilijskie,CLP,0.004544,2023-12-21
452,peso filipińskie,PHP,0.0714,2023-12-21
453,peso meksykańskie,MXN,0.2321,2023-12-21
454,rand (Republika Południowej Afryki),ZAR,0.2167,2023-12-21
455,real (Brazylia),BRL,0.8067,2023-12-21
456,ringgit (Malezja),MYR,0.8516,2023-12-21
457,rupia indonezyjska,IDR,0.00025536,2023-12-21
458,rupia indyjska,INR,0.047605,2023-12-21
459,won południowokoreański,KRW,0.003038,2023-12-21
460,yuan renminbi (Chiny),CNY,0.5548,2023-12-21
461,SDR (MFW),XDR,5.3003,2023-12-21
462,bat (Tajlandia),THB,0.1136,2023-12-22
463,dolar amerykański,USD,3.9338,2023-12-22
464,dolar australijski,AUD,2.6719,2023-12-22
465,dolar Hongkongu,HKD,0.5035,2023-12-22
466,dolar kanadyjski,CAD,2.9624,2023-12-22
467,dolar nowozelandzki,NZD,2.4728,2023-12-22
468,dolar singapurski,SGD,2.9701,2023-12-22
469,euro,EUR,4.3288,2023-12-22
470,forint (Węgry),HUF,0.011325,2023-12-22
471,frank szwajcarski,CHF,4.597,2023-12-22
472,funt szterling,GBP,4.9905,2023-12-22
473,hrywna (Ukraina),UAH,0.1047,2023-12-22
474,jen (Japonia),JPY,0.02768,2023-12-22
475,korona czeska,CZK,0.1762,2023-12-22
476,korona duńska,DKK,0.5806,2023-12-22
477,korona islandzka,ISK,0.028801,2023-12-22
478,korona norweska,NOK,0.3845,2023-12-22
479,korona szwedzka,SEK,0.3906,2023-12-22
480,lej rumuński,RON,0.871,2023-12-22
481,lew (Bułgaria),BGN,2.2133,2023-12-22
482,lira turecka,TRY,0.1347,2023-12-22
483,nowy izraelski szekel,ILS,1.0924,2023-12-22
484,peso chilijskie,CLP,0.004474,2023-12-22
485,peso filipińskie,PHP,0.071,2023-12-22
486,peso meksykańskie,MXN,0.2313,2023-12-22
487,rand (Republika Południowej Afryki),ZAR,0.2137,2023-12-22
488,real (Brazylia),BRL,0.8053,2023-12-22
489,ringgit (Malezja),MYR,0.8493,2023-12-22
490,rupia indonezyjska,IDR,0.00025408,2023-12-22
491,rupia indyjska,INR,0.047301,2023-12-22
492,won południowokoreański,KRW,0.003023,2023-12-22
493,yuan renminbi (Chiny),CNY,0.552,2023-12-22
494,SDR (MFW),XDR,5.2769,2023-12-22
495,bat (Tajlandia),THB,0.1139,2023-12-27
496,dolar amerykański,USD,3.9178,2023-12-27
497,dolar australijski,AUD,2.6771,2023-12-27
498,dolar Hongkongu,HKD,0.5017,2023-12-27
499,dolar kanadyjski,CAD,2.9674,2023-12-27
500,dolar nowozelandzki,NZD,2.4787,2023-12-27
501,dolar singapurski,SGD,2.9635,2023-12-27
502,euro,EUR,4.3311,2023-12-27
503,forint (Węgry),HUF,0.011344,2023-12-27
504,frank szwajcarski,CHF,4.599,2023-12-27
505,funt szterling,GBP,4.9834,2023-12-27
506,hrywna (Ukraina),UAH,0.1041,2023-12-27
507,jen (Japonia),JPY,0.027478,2023-12-27
508,korona czeska,CZK,0.1757,2023-12-27
509,korona duńska,DKK,0.5809,2023-12-27
510,korona islandzka,ISK,0.028778,2023-12-27
511,korona norweska,NOK,0.3856,2023-12-27
512,korona szwedzka,SEK,0.393,2023-12-27
513,lej rumuński,RON,0.8712,2023-12-27
514,lew (Bułgaria),BGN,2.2145,2023-12-27
515,lira turecka,TRY,0.1333,2023-12-27
516,nowy izraelski szekel,ILS,1.0826,2023-12-27
517,peso chilijskie,CLP,0.004391,2023-12-27
518,peso filipińskie,PHP,0.0704,2023-12-27
519,peso meksykańskie,MXN,0.2314,2023-12-27
520,rand (Republika Południowej Afryki),ZAR,0.2116,2023-12-27
521,real (Brazylia),BRL,0.8137,2023-12-27
522,ringgit (Malezja),MYR,0.8464,2023-12-27
523,rupia indonezyjska,IDR,0.00025391,2023-12-27
524,rupia indyjska,INR,0.047021,2023-12-27
525,won południowokoreański,KRW,0.003027,2023-12-27
526,yuan renminbi (Chiny),CNY,0.5481,2023-12-27
527,SDR (MFW),XDR,5.2732,2023-12-27
528,bat (Tajlandia),THB,0.1142,2023-12-28
529,dolar amerykański,USD,3.899,2023-12-28
530,dolar australijski,AUD,2.663,2023-12-28
531,dolar Hongkongu,HKD,0.4989,2023-12-28
532,dolar kanadyjski,CAD,2.951,2023-12-28
533,dolar nowozelandzki,NZD,2.4671,2023-12-28
534,dolar singapurski,SGD,2.9605,2023-12-28
535,euro,EUR,4.3392,2023-12-28
536,forint (Węgry),HUF,0.011363,2023-12-28
537,frank szwajcarski,CHF,4.6671,2023-12-28
538,funt szterling,GBP,4.9887,2023-12-28
539,hrywna (Ukraina),UAH,0.1027,2023-12-28
540,jen (Japonia),JPY,0.027703,2023-12-28
541,korona czeska,CZK,0.1757,2023-12-28
542,korona duńska,DKK,0.5821,2023-12-28
543,korona islandzka,ISK,0.028794,2023-12-28
544,korona norweska,NOK,0.386,2023-12-28
545,korona szwedzka,SEK,0.3925,2023-12-28
546,lej rumuński,RON,0.8722,2023-12-28
547,lew (Bułgaria),BGN,2.2186,2023-12-28
548,lira turecka,TRY,0.1324,2023-12-28
549,nowy izraelski szekel,ILS,1.0796,2023-12-28
550,peso chilijskie,CLP,0.004417,2023-12-28
551,peso filipińskie,PHP,0.0701,2023-12-28
552,peso meksykańskie,MXN,0.231,2023-12-28
553,rand (Republika Południowej Afryki),ZAR,0.21,2023-12-28
554,real (Brazylia),BRL,0.8077,2023-12-28
555,ringgit (Malezja),MYR,0.8462,2023-12-28
556,rupia indonezyjska,IDR,0.00025285,2023-12-28
557,rupia indyjska,INR,0.046863,2023-12-28
558,won południowokoreański,KRW,0.00303,2023-12-28
559,yuan renminbi (Chiny),CNY,0.5486,2023-12-28
560,SDR (MFW),XDR,5.2831,2023-12-28
561,bat (Tajlandia),THB,0.1145,2023-12-29
562,dolar amerykański,USD,3.935,2023-12-29
563,dolar australijski,AUD,2.6778,2023-12-29
564,dolar Hongkongu,HKD,0.5038,2023-12-29
565,dolar kanadyjski,CAD,2.9698,2023-12-29
566,dolar nowozelandzki,NZD,2.4836,2023-12-29
567,dolar singapurski,SGD,2.9792,2023-12-29
568,euro,EUR,4.348,2023-12-29
569,forint (Węgry),HUF,0.011359,2023-12-29
570,frank szwajcarski,CHF,4.6828,2023-12-29
571,funt szterling,GBP,4.9997,2023-12-29
572,hrywna (Ukraina),UAH,0.1037,2023-12-29
573,jen (Japonia),JPY,0.02773,2023-12-29
574,korona czeska,CZK,0.1759,2023-12-29
575,korona duńska,DKK,0.5833,2023-12-29
576,korona islandzka,ISK,0.028929,2023-12-29
577,korona norweska,NOK,0.3867,2023-12-29
578,korona szwedzka,SEK,0.3919,2023-12-29
579,lej rumuński,RON,0.8742,2023-12-29
580,lew (Bułgaria),BGN,2.2231,2023-12-29
581,lira turecka,TRY,0.1337,2023-12-29
582,nowy izraelski szekel,ILS,1.0875,2023-12-29
583,peso chilijskie,CLP,0.004445,2023-12-29
584,peso filipińskie,PHP,0.071,2023-12-29
585,peso meksykańskie,MXN,0.2323,2023-12-29
586,rand (Republika Południowej Afryki),ZAR,0.2124,2023-12-29
587,real (Brazylia),BRL,0.811,2023-12-29
588,ringgit (Malezja),MYR,0.8564,2023-12-29
589,rupia indonezyjska,IDR,0.00025557,2023-12-29
590,rupia indyjska,INR,0.047286,2023-12-29
591,won południowokoreański,KRW,0.003027,2023-12-29
592,yuan renminbi (Chiny),CNY,0.5534,2023-12-29
593,SDR (MFW),XDR,5.2938,2023-12-29
594,bat (Tajlandia),THB,0.1155,2024-01-02
595,dolar amerykański,USD,3.9432,2024-01-02
596,dolar australijski,AUD,2.6897,2024-01-02
597,dolar Hongkongu,HKD,0.5046,2024-01-02
598,dolar kanadyjski,CAD,2.9752,2024-01-02
599,dolar nowozelandzki,NZD,2.4884,2024-01-02
600,dolar singapurski,SGD,2.9809,2024-01-02
601,euro,EUR,4.3434,2024-01-02
602,forint (Węgry),HUF,0.011365,2024-01-02
603,frank szwajcarski,CHF,4.6596,2024-01-02
604,funt szterling,GBP,5.0152,2024-01-02
605,hrywna (Ukraina),UAH,0.1035,2024-01-02
606,jen (Japonia),JPY,0.027855,2024-01-02
607,korona czeska,CZK,0.176,2024-01-02
608,korona duńska,DKK,0.5826,2024-01-02
609,korona islandzka,ISK,0.028898,2024-01-02
610,korona norweska,NOK,0.3873,2024-01-02
611,korona szwedzka,SEK,0.3911,2024-01-02
612,lej rumuński,RON,0.8737,2024-01-02
613,lew (Bułgaria),BGN,2.2207,2024-01-02
614,lira turecka,TRY,0.1329,2024-01-02
615,nowy izraelski szekel,ILS,1.0919,2024-01-02
616,peso chilijskie,CLP,0.004486,2024-01-02
617,peso filipińskie,PHP,0.0708,2024-01-02
618,peso meksykańskie,MXN,0.233,2024-01-02
619,rand (Republika Południowej Afryki),ZAR,0.2153,2024-01-02
620,real (Brazylia),BRL,0.8125,2024-01-02
621,ringgit (Malezja),MYR,0.8567,2024-01-02
622,rupia indonezyjska,IDR,0.00025489,2024-01-02
623,rupia indyjska,INR,0.047327,2024-01-02
624,won południowokoreański,KRW,0.003032,2024-01-02
625,yuan renminbi (Chiny),CNY,0.5525,2024-01-02
626,SDR (MFW),XDR,5.2882,2024-01-02
627,bat (Tajlandia),THB,0.1162,2024-01-03
628,dolar amerykański,USD,3.9909,2024-01-03
629,dolar australijski,AUD,2.6932,2024-01-03
630,dolar Hongkongu,HKD,0.5112,2024-01-03
631,dolar kanadyjski,CAD,2.9947,2024-01-03
632,dolar nowozelandzki,NZD,2.4961,2024-01-03
633,dolar singapurski,SGD,3.0074,2024-01-03
634,euro,EUR,4.3646,2024-01-03
635,forint (Węgry),HUF,0.011462,2024-01-03
636,frank szwajcarski,CHF,4.6873,2024-01-03
637,funt szterling,GBP,5.0397,2024-01-03
638,hrywna (Ukraina),UAH,0.1047,2024-01-03
639,jen (Japonia),JPY,0.027977,2024-01-03
640,korona czeska,CZK,0.177,2024-01-03
641,korona duńska,DKK,0.5852,2024-01-03
642,korona islandzka,ISK,0.028962,2024-01-03
643,korona norweska,NOK,0.3844,2024-01-03
644,korona szwedzka,SEK,0.3899,2024-01-03
645,lej rumuński,RON,0.8776,2024-01-03
646,lew (Bułgaria),BGN,2.2316,2024-01-03
647,lira turecka,TRY,0.1342,2024-01-03
648,nowy izraelski szekel,ILS,1.0974,2024-01-03
649,peso chilijskie,CLP,0.00451,2024-01-03
650,peso filipińskie,PHP,0.0718,2024-01-03
651,peso meksykańskie,MXN,0.2341,2024-01-03
652,rand (Republika Południowej Afryki),ZAR,0.2132,2024-01-03
653,real (Brazylia),BRL,0.8105,2024-01-03
654,ringgit (Malezja),MYR,0.8618,2024-01-03
655,rupia indonezyjska,IDR,0.00025781,2024-01-03
656,rupia indyjska,INR,0.047914,2024-01-03
657,won południowokoreański,KRW,0.00305,2024-01-03
658,yuan renminbi (Chiny),CNY,0.5585,2024-01-03
659,SDR (MFW),XDR,5.3351,2024-01-03
660,bat (Tajlandia),THB,0.1152,2024-01-04
661,dolar amerykański,USD,3.9684,2024-01-04
662,dolar australijski,AUD,2.676,2024-01-04
663,dolar Hongkongu,HKD,0.5083,2024-01-04
664,dolar kanadyjski,CAD,2.9785,2024-01-04
665,dolar nowozelandzki,NZD,2.4849,2024-01-04
666,dolar singapurski,SGD,2.99,2024-01-04
667,euro,EUR,4.3525,2024-01-04
668,forint (Węgry),HUF,0.011468,2024-01-04
669,frank szwajcarski,CHF,4.6718,2024-01-04
670,funt szterling,GBP,5.0481,2024-01-04
671,hrywna (Ukraina),UAH,0.1044,2024-01-04
672,jen (Japonia),JPY,0.027583,2024-01-04
673,korona czeska,CZK,0.1766,2024-01-04
674,korona duńska,DKK,0.5835,2024-01-04
675,korona islandzka,ISK,0.02892,2024-01-04
676,korona norweska,NOK,0.3858,2024-01-04
677,korona szwedzka,SEK,0.3885,2024-01-04
678,lej rumuński,RON,0.8752,2024-01-04
679,lew (Bułgaria),BGN,2.2254,2024-01-04
680,lira turecka,TRY,0.1329,2024-01-04
681,nowy izraelski szekel,ILS,1.0869,2024-01-04
682,peso chilijskie,CLP,0.004505,2024-01-04
683,peso filipińskie,PHP,0.0715,2024-01-04
684,peso meksykańskie,MXN,0.2336,2024-01-04
685,rand (Republika Południowej Afryki),ZAR,0.213,2024-01-04
686,real (Brazylia),BRL,0.8065,2024-01-04
687,ringgit (Malezja),MYR,0.8563,2024-01-04
688,rupia indonezyjska,IDR,0.00025619,2024-01-04
689,rupia indyjska,INR,0.047676,2024-01-04
690,won południowokoreański,KRW,0.003036,2024-01-04
691,yuan renminbi (Chiny),CNY,0.5552,2024-01-04
692,SDR (MFW),XDR,5.326,2024-01-04
693,bat (Tajlandia),THB,0.1148,2024-01-05
694,dolar amerykański,USD,3.985,2024-01-05
695,dolar australijski,AUD,2.6627,2024-01-05
696,dolar Hongkongu,HKD,0.5101,2024-01-05
697,dolar kanadyjski,CAD,2.9797,2024-01-05
698,dolar nowozelandzki,NZD,2.4778,2024-01-05
699,dolar singapurski,SGD,2.9925,2024-01-05
700,euro,EUR,4.3484,2024-01-05
701,forint (Węgry),HUF,0.011498,2024-01-05
702,frank szwajcarski,CHF,4.6714,2024-01-05
703,funt szterling,GBP,5.044,2024-01-05
704,hrywna (Ukraina),UAH,0.1047,2024-01-05
705,jen (Japonia),JPY,0.027443,2024-01-05
706,korona czeska,CZK,0.1764,2024-01-05
707,korona duńska,DKK,0.583,2024-01-05
708,korona islandzka,ISK,0.028893,2024-01-05
709,korona norweska,NOK,0.3859,2024-01-05
710,korona szwedzka,SEK,0.388,2024-01-05
711,lej rumuński,RON,0.8742,2024-01-05
712,lew (Bułgaria),BGN,2.2233,2024-01-05
713,lira turecka,TRY,0.1335,2024-01-05
714,nowy izraelski szekel,ILS,1.0824,2024-01-05
715,peso chilijskie,CLP,0.004483,2024-01-05
716,peso filipińskie,PHP,0.0717,2024-01-05
717,peso meksykańskie,MXN,0.234,2024-01-05
718,rand (Republika Południowej Afryki),ZAR,0.2122,2024-01-05
719,real (Brazylia),BRL,0.8136,2024-01-05
720,ringgit (Malezja),MYR,0.8562,2024-01-05
721,rupia indonezyjska,IDR,0.00025682,2024-01-05
722,rupia indyjska,INR,0.047907,2024-01-05
723,won południowokoreański,KRW,0.003023,2024-01-05
724,yuan renminbi (Chiny),CNY,0.5569,2024-01-05
725,SDR (MFW),XDR,5.307,2024-01-05
726,bat (Tajlandia),THB,0.1137,2024-01-08
727,dolar amerykański,USD,3.9812,2024-01-08
728,dolar australijski,AUD,2.6668,2024-01-08
729,dolar Hongkongu,HKD,0.5099,2024-01-08
730,dolar kanadyjski,CAD,2.9761,2024-01-08
731,dolar nowozelandzki,NZD,2.4819,2024-01-08
732,dolar singapurski,SGD,2.9922,2024-01-08
733,euro,EUR,4.3548,2024-01-08
734,forint (Węgry),HUF,0.011528,2024-01-08
735,frank szwajcarski,CHF,4.6793,2024-01-08
736,funt szterling,GBP,5.0543,2024-01-08
737,hrywna (Ukraina),UAH,0.1043,2024-01-08
738,jen (Japonia),JPY,0.027605,2024-01-08
739,korona czeska,CZK,0.1774,2024-01-08
740,korona duńska,DKK,0.5839,2024-01-08
741,korona islandzka,ISK,0.028897,2024-01-08
742,korona norweska,NOK,0.3845,2024-01-08
743,korona szwedzka,SEK,0.3873,2024-01-08
744,lej rumuński,RON,0.8759,2024-01-08
745,lew (Bułgaria),BGN,2.2266,2024-01-08
746,lira turecka,TRY,0.1334,2024-01-08
747,nowy izraelski szekel,ILS,1.0751,2024-01-08
748,peso chilijskie,CLP,0.004471,2024-01-08
749,peso filipińskie,PHP,0.0715,2024-01-08
750,peso meksykańskie,MXN,0.2359,2024-01-08
751,rand (Republika Południowej Afryki),ZAR,0.2127,2024-01-08
752,real (Brazylia),BRL,0.8167,2024-01-08
753,ringgit (Malezja),MYR,0.856,2024-01-08
754,rupia indonezyjska,IDR,0.00025644,2024-01-08
755,rupia indyjska,INR,0.047886,2024-01-08
756,won południowokoreański,KRW,0.00302,2024-01-08
757,yuan renminbi (Chiny),CNY,0.5559,2024-01-08
758,SDR (MFW),XDR,5.3215,2024-01-08
759,bat (Tajlandia),THB,0.1133,2024-01-09
760,dolar amerykański,USD,3.9612,2024-01-09
761,dolar australijski,AUD,2.6556,2024-01-09
762,dolar Hongkongu,HKD,0.5069,2024-01-09
763,dolar kanadyjski,CAD,2.9665,2024-01-09
764,dolar nowozelandzki,NZD,2.4751,2024-01-09
765,dolar singapurski,SGD,2.9803,2024-01-09
766,euro,EUR,4.3351,2024-01-09
767,forint (Węgry),HUF,0.011452,2024-01-09
768,frank szwajcarski,CHF,4.6616,2024-01-09
769,funt szterling,GBP,5.0446,2024-01-09
770,hrywna (Ukraina),UAH,0.1034,2024-01-09
771,jen (Japonia),JPY,0.027517,2024-01-09
772,korona czeska,CZK,0.1763,2024-01-09
773,korona duńska,DKK,0.5813,2024-01-09
774,korona islandzka,ISK,0.028766,2024-01-09
775,korona norweska,NOK,0.3821,2024-01-09
776,korona szwedzka,SEK,0.3869,2024-01-09
777,lej rumuński,RON,0.872,2024-01-09
778,lew (Bułgaria),BGN,2.2165,2024-01-09
779,lira turecka,TRY,0.1325,2024-01-09
780,nowy izraelski szekel,ILS,1.0694,2024-01-09
781,peso chilijskie,CLP,0.004388,2024-01-09
782,peso filipińskie,PHP,0.0707,2024-01-09
783,peso meksykańskie,MXN,0.2354,2024-01-09
784,rand (Republika Południowej Afryki),ZAR,0.2124,2024-01-09
785,real (Brazylia),BRL,0.8133,2024-01-09
786,ringgit (Malezja),MYR,0.8531,2024-01-09
787,rupia indonezyjska,IDR,0.00025523,2024-01-09
788,rupia indyjska,INR,0.047662,2024-01-09
789,won południowokoreański,KRW,0.003004,2024-01-09
790,yuan renminbi (Chiny),CNY,0.5533,2024-01-09
791,SDR (MFW),XDR,5.2914,2024-01-09
792,bat (Tajlandia),THB,0.1134,2024-01-10
793,dolar amerykański,USD,3.9656,2024-01-10
794,dolar australijski,AUD,2.6604,2024-01-10
795,dolar Hongkongu,HKD,0.5071,2024-01-10
796,dolar kanadyjski,CAD,2.9659,2024-01-10
797,dolar nowozelandzki,NZD,2.4771,2024-01-10
798,dolar singapurski,SGD,2.9788,2024-01-10
799,euro,EUR,4.3413,2024-01-10
800,forint (Węgry),HUF,0.011476,2024-01-10
801,frank szwajcarski,CHF,4.6538,2024-01-10
802,funt szterling,GBP,5.0466,2024-01-10
803,hrywna (Ukraina),UAH,0.1037,2024-01-10
804,jen (Japonia),JPY,0.027365,2024-01-10
805,korona czeska,CZK,0.1766,2024-01-10
806,korona duńska,DKK,0.5822,2024-01-10
807,korona islandzka,ISK,0.028884,2024-01-10
808,korona norweska,NOK,0.3838,2024-01-10
809,korona szwedzka,SEK,0.3874,2024-01-10
810,lej rumuński,RON,0.8732,2024-01-10
811,lew (Bułgaria),BGN,2.2196,2024-01-10
812,lira turecka,TRY,0.1323,2024-01-10
813,nowy izraelski szekel,ILS,1.0525,2024-01-10
814,peso chilijskie,CLP,0.004319,2024-01-10
815,peso filipińskie,PHP,0.0705,2024-01-10
816,peso meksykańskie,MXN,0.2338,2024-01-10
817,rand (Republika Południowej Afryki),ZAR,0.2129,2024-01-10
818,real (Brazylia),BRL,0.8081,2024-01-10
819,ringgit (Malezja),MYR,0.8544,2024-01-10
820,rupia indonezyjska,IDR,0.0002547,2024-01-10
821,rupia indyjska,INR,0.047756,2024-01-10
822,won południowokoreański,KRW,0.003009,2024-01-10
823,yuan renminbi (Chiny),CNY,0.553,2024-01-10
824,SDR (MFW),XDR,5.302,2024-01-10
825,bat (Tajlandia),THB,0.1132,2024-01-11
826,dolar amerykański,USD,3.968,2024-01-11
827,dolar australijski,AUD,2.6629,2024-01-11
828,dolar Hongkongu,HKD,0.5075,2024-01-11
829,dolar kanadyjski,CAD,2.9678,2024-01-11
830,dolar nowozelandzki,NZD,2.4787,2024-01-11
831,dolar singapurski,SGD,2.9831,2024-01-11
832,euro,EUR,4.3505,2024-01-11
833,forint (Węgry),HUF,0.011463,2024-01-11
834,frank szwajcarski,CHF,4.6637,2024-01-11
835,funt szterling,GBP,5.0549,2024-01-11
836,hrywna (Ukraina),UAH,0.1045,2024-01-11
837,jen (Japonia),JPY,0.027263,2024-01-11
838,korona czeska,CZK,0.1765,2024-01-11
839,korona duńska,DKK,0.5834,2024-01-11
840,korona islandzka,ISK,0.029023,2024-01-11
841,korona norweska,NOK,0.3838,2024-01-11
842,korona szwedzka,SEK,0.3884,2024-01-11
843,lej rumuński,RON,0.875,2024-01-11
844,lew (Bułgaria),BGN,2.2244,2024-01-11
845,lira turecka,TRY,0.1322,2024-01-11
846,nowy izraelski szekel,ILS,1.0571,2024-01-11
847,peso chilijskie,CLP,0.00433,2024-01-11
848,peso filipińskie,PHP,0.0707,2024-01-11
849,peso meksykańskie,MXN,0.2335,2024-01-11
850,rand (Republika Południowej Afryki),ZAR,0.2128,2024-01-11
851,real (Brazylia),BRL,0.8109,2024-01-11
852,ringgit (Malezja),MYR,0.8541,2024-01-11
853,rupia indonezyjska,IDR,0.0002552,2024-01-11
854,rupia indyjska,INR,0.047771,2024-01-11
855,won południowokoreański,KRW,0.003014,2024-01-11
856,yuan renminbi (Chiny),CNY,0.554,2024-01-11
857,SDR (MFW),XDR,5.3102,2024-01-11
858,bat (Tajlandia),THB,0.1134,2024-01-12
859,dolar amerykański,USD,3.9746,2024-01-12
860,dolar australijski,AUD,2.6629,2024-01-12
861,dolar Hongkongu,HKD,0.5082,2024-01-12
862,dolar kanadyjski,CAD,2.9759,2024-01-12
863,dolar nowozelandzki,NZD,2.4815,2024-01-12
864,dolar singapurski,SGD,2.9863,2024-01-12
865,euro,EUR,4.3574,2024-01-12
866,forint (Węgry),HUF,0.011486,2024-01-12
867,frank szwajcarski,CHF,4.6556,2024-01-12
868,funt szterling,GBP,5.0688,2024-01-12
869,hrywna (Ukraina),UAH,0.1051,2024-01-12
870,jen (Japonia),JPY,0.027388,2024-01-12
871,korona czeska,CZK,0.1768,2024-01-12
872,korona duńska,DKK,0.5843,2024-01-12
873,korona islandzka,ISK,0.028991,2024-01-12
874,korona norweska,NOK,0.3868,2024-01-12
875,korona szwedzka,SEK,0.3874,2024-01-12
876,lej rumuński,RON,0.8761,2024-01-12
877,lew (Bułgaria),BGN,2.2279,2024-01-12
878,lira turecka,TRY,0.1326,2024-01-12
879,nowy izraelski szekel,ILS,1.0664,2024-01-12
880,peso chilijskie,CLP,0.004363,2024-01-12
881,peso filipińskie,PHP,0.0711,2024-01-12
882,peso meksykańskie,MXN,0.2355,2024-01-12
883,rand (Republika Południowej Afryki),ZAR,0.2134,2024-01-12
884,real (Brazylia),BRL,0.8162,2024-01-12
885,ringgit (Malezja),MYR,0.8552,2024-01-12
886,rupia indonezyjska,IDR,0.0002556,2024-01-12
887,rupia indyjska,INR,0.047936,2024-01-12
888,won południowokoreański,KRW,0.003029,2024-01-12
889,yuan renminbi (Chiny),CNY,0.5546,2024-01-12
890,SDR (MFW),XDR,5.3052,2024-01-12
891,bat (Tajlandia),THB,0.1143,2024-01-15
892,dolar amerykański,USD,3.9963,2024-01-15
893,dolar australijski,AUD,2.6607,2024-01-15
894,dolar Hongkongu,HKD,0.511,2024-01-15
895,dolar kanadyjski,CAD,2.979,2024-01-15
896,dolar nowozelandzki,NZD,2.4726,2024-01-15
897,dolar singapurski,SGD,2.9958,2024-01-15
898,euro,EUR,4.3748,2024-01-15
899,forint (Węgry),HUF,0.011517,2024-01-15
900,frank szwajcarski,CHF,4.6797,2024-01-15
901,funt szterling,GBP,5.0861,2024-01-15
902,hrywna (Ukraina),UAH,0.1056,2024-01-15
903,jen (Japonia),JPY,0.027436,2024-01-15
904,korona czeska,CZK,0.1772,2024-01-15
905,korona duńska,DKK,0.5866,2024-01-15
906,korona islandzka,ISK,0.029224,2024-01-15
907,korona norweska,NOK,0.3868,2024-01-15
908,korona szwedzka,SEK,0.3887,2024-01-15
909,lej rumuński,RON,0.8796,2024-01-15
910,lew (Bułgaria),BGN,2.2368,2024-01-15
911,lira turecka,TRY,0.1329,2024-01-15
912,nowy izraelski szekel,ILS,1.0688,2024-01-15
913,peso chilijskie,CLP,0.00439,2024-01-15
914,peso filipińskie,PHP,0.0716,2024-01-15
915,peso meksykańskie,MXN,0.2369,2024-01-15
916,rand (Republika Południowej Afryki),ZAR,0.2141,2024-01-15
917,real (Brazylia),BRL,0.8229,2024-01-15
918,ringgit (Malezja),MYR,0.8558,2024-01-15
919,rupia indonezyjska,IDR,0.00025692,2024-01-15
920,rupia indyjska,INR,0.048221,2024-01-15
921,won południowokoreański,KRW,0.003024,2024-01-15
922,yuan renminbi (Chiny),CNY,0.557,2024-01-15
923,SDR (MFW),XDR,5.3418,2024-01-15
924,bat (Tajlandia),THB,0.1141,2024-01-16
925,dolar amerykański,USD,4.0358,2024-01-16
926,dolar australijski,AUD,2.6655,2024-01-16
927,dolar Hongkongu,HKD,0.516,2024-01-16
928,dolar kanadyjski,CAD,2.9906,2024-01-16
929,dolar nowozelandzki,NZD,2.4859,2024-01-16
930,dolar singapurski,SGD,3.0117,2024-01-16
931,euro,EUR,4.3934,2024-01-16
932,forint (Węgry),HUF,0.011551,2024-01-16
933,frank szwajcarski,CHF,4.69,2024-01-16
934,funt szterling,GBP,5.1027,2024-01-16
935,hrywna (Ukraina),UAH,0.1064,2024-01-16
936,jen (Japonia),JPY,0.027539,2024-01-16
937,korona czeska,CZK,0.1779,2024-01-16
938,korona duńska,DKK,0.589,2024-01-16
939,korona islandzka,ISK,0.029348,2024-01-16
940,korona norweska,NOK,0.3865,2024-01-16
941,korona szwedzka,SEK,0.3876,2024-01-16
942,lej rumuński,RON,0.8829,2024-01-16
943,lew (Bułgaria),BGN,2.2463,2024-01-16
944,lira turecka,TRY,0.1342,2024-01-16
945,nowy izraelski szekel,ILS,1.069,2024-01-16
946,peso chilijskie,CLP,0.004429,2024-01-16
947,peso filipińskie,PHP,0.0721,2024-01-16
948,peso meksykańskie,MXN,0.237,2024-01-16
949,rand (Republika Południowej Afryki),ZAR,0.2137,2024-01-16
950,real (Brazylia),BRL,0.8299,2024-01-16
951,ringgit (Malezja),MYR,0.8602,2024-01-16
952,rupia indonezyjska,IDR,0.00025887,2024-01-16
953,rupia indyjska,INR,0.048577,2024-01-16
954,won południowokoreański,KRW,0.003021,2024-01-16
955,yuan renminbi (Chiny),CNY,0.561,2024-01-16
956,SDR (MFW),XDR,5.3645,2024-01-16
957,bat (Tajlandia),THB,0.1139,2024-01-17
958,dolar amerykański,USD,4.0434,2024-01-17
959,dolar australijski,AUD,2.6497,2024-01-17
960,dolar Hongkongu,HKD,0.5168,2024-01-17
961,dolar kanadyjski,CAD,2.9912,2024-01-17
962,dolar nowozelandzki,NZD,2.4739,2024-01-17
963,dolar singapurski,SGD,3.0086,2024-01-17
964,euro,EUR,4.3978,2024-01-17
965,forint (Węgry),HUF,0.011544,2024-01-17
966,frank szwajcarski,CHF,4.6912,2024-01-17
967,funt szterling,GBP,5.1274,2024-01-17
968,hrywna (Ukraina),UAH,0.1066,2024-01-17
969,jen (Japonia),JPY,0.027371,2024-01-17
970,korona czeska,CZK,0.1774,2024-01-17
971,korona duńska,DKK,0.5896,2024-01-17
972,korona islandzka,ISK,0.029417,2024-01-17
973,korona norweska,NOK,0.3856,2024-01-17
974,korona szwedzka,SEK,0.3869,2024-01-17
975,lej rumuński,RON,0.884,2024-01-17
976,lew (Bułgaria),BGN,2.2485,2024-01-17
977,lira turecka,TRY,0.1342,2024-01-17
978,nowy izraelski szekel,ILS,1.0678,2024-01-17
979,peso chilijskie,CLP,0.004372,2024-01-17
980,peso filipińskie,PHP,0.0723,2024-01-17
981,peso meksykańskie,MXN,0.2336,2024-01-17
982,rand (Republika Południowej Afryki),ZAR,0.2121,2024-01-17
983,real (Brazylia),BRL,0.8208,2024-01-17
984,ringgit (Malezja),MYR,0.8571,2024-01-17
985,rupia indonezyjska,IDR,0.00025853,2024-01-17
986,rupia indyjska,INR,0.048637,2024-01-17
987,won południowokoreański,KRW,0.003007,2024-01-17
988,yuan renminbi (Chiny),CNY,0.562,2024-01-17
989,SDR (MFW),XDR,5.3817,2024-01-17
990,bat (Tajlandia),THB,0.1136,2024-01-18
991,dolar amerykański,USD,4.0437,2024-01-18
992,dolar australijski,AUD,2.654,2024-01-18
993,dolar Hongkongu,HKD,0.517,2024-01-18
994,dolar kanadyjski,CAD,2.9968,2024-01-18
995,dolar nowozelandzki,NZD,2.4751,2024-01-18
996,dolar singapurski,SGD,3.0093,2024-01-18
997,euro,EUR,4.4016,2024-01-18
998,forint (Węgry),HUF,0.011531,2024-01-18
999,frank szwajcarski,CHF,4.6793,2024-01-18
1000,funt szterling,GBP,5.1253,2024-01-18
1001,hrywna (Ukraina),UAH,0.1072,2024-01-18
1002,jen (Japonia),JPY,0.027351,2024-01-18
1003,korona czeska,CZK,0.1778,2024-01-18
1004,korona duńska,DKK,0.5902,2024-01-18
1005,korona islandzka,ISK,0.029442,2024-01-18
1006,korona norweska,NOK,0.3848,2024-01-18
1007,korona szwedzka,SEK,0.3871,2024-01-18
1008,lej rumuński,RON,0.8845,2024-01-18
1009,lew (Bułgaria),BGN,2.2505,2024-01-18
1010,lira turecka,TRY,0.1341,2024-01-18
1011,nowy izraelski szekel,ILS,1.0702,2024-01-18
1012,peso chilijskie,CLP,0.004386,2024-01-18
1013,peso filipińskie,PHP,0.0724,2024-01-18
1014,peso meksykańskie,MXN,0.2357,2024-01-18
1015,rand (Republika Południowej Afryki),ZAR,0.2136,2024-01-18
1016,real (Brazylia),BRL,0.8193,2024-01-18
1017,ringgit (Malezja),MYR,0.8571,2024-01-18
1018,rupia indonezyjska,IDR,0.00025888,2024-01-18
1019,rupia indyjska,INR,0.048644,2024-01-18
1020,won południowokoreański,KRW,0.003022,2024-01-18
1021,yuan renminbi (Chiny),CNY,0.5623,2024-01-18
1022,SDR (MFW),XDR,5.3853,2024-01-18
1023,bat (Tajlandia),THB,0.1134,2024-01-19
1024,dolar amerykański,USD,4.0289,2024-01-19
1025,dolar australijski,AUD,2.6587,2024-01-19
1026,dolar Hongkongu,HKD,0.5153,2024-01-19
1027,dolar kanadyjski,CAD,2.992,2024-01-19
1028,dolar nowozelandzki,NZD,2.4654,2024-01-19
1029,dolar singapurski,SGD,3.0052,2024-01-19
1030,euro,EUR,4.3846,2024-01-19
1031,forint (Węgry),HUF,0.011445,2024-01-19
1032,frank szwajcarski,CHF,4.6388,2024-01-19
1033,funt szterling,GBP,5.1103,2024-01-19
1034,hrywna (Ukraina),UAH,0.1074,2024-01-19
1035,jen (Japonia),JPY,0.027225,2024-01-19
1036,korona czeska,CZK,0.1767,2024-01-19
1037,korona duńska,DKK,0.588,2024-01-19
1038,korona islandzka,ISK,0.029526,2024-01-19
1039,korona norweska,NOK,0.385,2024-01-19
1040,korona szwedzka,SEK,0.3851,2024-01-19
1041,lej rumuński,RON,0.8809,2024-01-19
1042,lew (Bułgaria),BGN,2.2418,2024-01-19
1043,lira turecka,TRY,0.1333,2024-01-19
1044,nowy izraelski szekel,ILS,1.0744,2024-01-19
1045,peso chilijskie,CLP,0.00439,2024-01-19
1046,peso filipińskie,PHP,0.072,2024-01-19
1047,peso meksykańskie,MXN,0.235,2024-01-19
1048,rand (Republika Południowej Afryki),ZAR,0.2125,2024-01-19
1049,real (Brazylia),BRL,0.8172,2024-01-19
1050,ringgit (Malezja),MYR,0.854,2024-01-19
1051,rupia indonezyjska,IDR,0.00025801,2024-01-19
1052,rupia indyjska,INR,0.048503,2024-01-19
1053,won południowokoreański,KRW,0.003022,2024-01-19
1054,yuan renminbi (Chiny),CNY,0.5604,2024-01-19
1055,SDR (MFW),XDR,5.367,2024-01-19
1056,bat (Tajlandia),THB,0.112,2024-01-22
1057,dolar amerykański,USD,3.9972,2024-01-22
1058,dolar australijski,AUD,2.6332,2024-01-22
1059,dolar Hongkongu,HKD,0.5113,2024-01-22
1060,dolar kanadyjski,CAD,2.9775,2024-01-22
1061,dolar nowozelandzki,NZD,2.4418,2024-01-22
1062,dolar singapurski,SGD,2.9807,2024-01-22
1063,euro,EUR,4.356,2024-01-22
1064,forint (Węgry),HUF,0.011392,2024-01-22
1065,frank szwajcarski,CHF,4.6073,2024-01-22
1066,funt szterling,GBP,5.0784,2024-01-22
1067,hrywna (Ukraina),UAH,0.1068,2024-01-22
1068,jen (Japonia),JPY,0.02699,2024-01-22
1069,korona czeska,CZK,0.1758,2024-01-22
1070,korona duńska,DKK,0.5841,2024-01-22
1071,korona islandzka,ISK,0.029333,2024-01-22
1072,korona norweska,NOK,0.3807,2024-01-22
1073,korona szwedzka,SEK,0.383,2024-01-22
1074,lej rumuński,RON,0.8753,2024-01-22
1075,lew (Bułgaria),BGN,2.2272,2024-01-22
1076,lira turecka,TRY,0.1322,2024-01-22
1077,nowy izraelski szekel,ILS,1.0596,2024-01-22
1078,peso chilijskie,CLP,0.00439,2024-01-22
1079,peso filipińskie,PHP,0.071,2024-01-22
1080,peso meksykańskie,MXN,0.2338,2024-01-22
1081,rand (Republika Południowej Afryki),ZAR,0.2086,2024-01-22
1082,real (Brazylia),BRL,0.8106,2024-01-22
1083,ringgit (Malezja),MYR,0.8458,2024-01-22
1084,rupia indonezyjska,IDR,0.00025567,2024-01-22
1085,rupia indyjska,INR,0.048073,2024-01-22
1086,won południowokoreański,KRW,0.002984,2024-01-22
1087,yuan renminbi (Chiny),CNY,0.5555,2024-01-22
1088,SDR (MFW),XDR,5.3263,2024-01-22
1089,bat (Tajlandia),THB,0.1124,2024-01-23
1090,dolar amerykański,USD,4.0133,2024-01-23
1091,dolar australijski,AUD,2.6438,2024-01-23
1092,dolar Hongkongu,HKD,0.513,2024-01-23
1093,dolar kanadyjski,CAD,2.9782,2024-01-23
1094,dolar nowozelandzki,NZD,2.4442,2024-01-23
1095,dolar singapurski,SGD,2.996,2024-01-23
1096,euro,EUR,4.3697,2024-01-23
1097,forint (Węgry),HUF,0.011377,2024-01-23
1098,frank szwajcarski,CHF,4.6228,2024-01-23
1099,funt szterling,GBP,5.1084,2024-01-23
1100,hrywna (Ukraina),UAH,0.1072,2024-01-23
1101,jen (Japonia),JPY,0.027171,2024-01-23
1102,korona czeska,CZK,0.1763,2024-01-23
1103,korona duńska,DKK,0.5859,2024-01-23
1104,korona islandzka,ISK,0.029426,2024-01-23
1105,korona norweska,NOK,0.3822,2024-01-23
1106,korona szwedzka,SEK,0.3844,2024-01-23
1107,lej rumuński,RON,0.878,2024-01-23
1108,lew (Bułgaria),BGN,2.2342,2024-01-23
1109,lira turecka,TRY,0.1327,2024-01-23
1110,nowy izraelski szekel,ILS,1.0644,2024-01-23
1111,peso chilijskie,CLP,0.00441,2024-01-23
1112,peso filipińskie,PHP,0.0714,2024-01-23
1113,peso meksykańskie,MXN,0.2327,2024-01-23
1114,rand (Republika Południowej Afryki),ZAR,0.2101,2024-01-23
1115,real (Brazylia),BRL,0.8043,2024-01-23
1116,ringgit (Malezja),MYR,0.849,2024-01-23
1117,rupia indonezyjska,IDR,0.00025677,2024-01-23
1118,rupia indyjska,INR,0.048259,2024-01-23
1119,won południowokoreański,KRW,0.003003,2024-01-23
1120,yuan renminbi (Chiny),CNY,0.5598,2024-01-23
1121,SDR (MFW),XDR,5.3428,2024-01-23
1122,bat (Tajlandia),THB,0.1125,2024-01-24
1123,dolar amerykański,USD,4.0131,2024-01-24
1124,dolar australijski,AUD,2.6488,2024-01-24
1125,dolar Hongkongu,HKD,0.5133,2024-01-24
1126,dolar kanadyjski,CAD,2.9854,2024-01-24
1127,dolar nowozelandzki,NZD,2.462,2024-01-24
1128,dolar singapurski,SGD,2.9991,2024-01-24
1129,euro,EUR,4.3755,2024-01-24
1130,forint (Węgry),HUF,0.011362,2024-01-24
1131,frank szwajcarski,CHF,4.6387,2024-01-24
1132,funt szterling,GBP,5.1223,2024-01-24
1133,hrywna (Ukraina),UAH,0.1069,2024-01-24
1134,jen (Japonia),JPY,0.027202,2024-01-24
1135,korona czeska,CZK,0.1763,2024-01-24
1136,korona duńska,DKK,0.5867,2024-01-24
1137,korona islandzka,ISK,0.029504,2024-01-24
1138,korona norweska,NOK,0.3839,2024-01-24
1139,korona szwedzka,SEK,0.3852,2024-01-24
1140,lej rumuński,RON,0.8792,2024-01-24
1141,lew (Bułgaria),BGN,2.2371,2024-01-24
1142,lira turecka,TRY,0.1325,2024-01-24
1143,nowy izraelski szekel,ILS,1.0809,2024-01-24
1144,peso chilijskie,CLP,0.004405,2024-01-24
1145,peso filipińskie,PHP,0.0713,2024-01-24
1146,peso meksykańskie,MXN,0.2333,2024-01-24
1147,rand (Republika Południowej Afryki),ZAR,0.213,2024-01-24
1148,real (Brazylia),BRL,0.8101,2024-01-24
1149,ringgit (Malezja),MYR,0.8482,2024-01-24
1150,rupia indonezyjska,IDR,0.00025545,2024-01-24
1151,rupia indyjska,INR,0.048274,2024-01-24
1152,won południowokoreański,KRW,0.00301,2024-01-24
1153,yuan renminbi (Chiny),CNY,0.5604,2024-01-24
1154,SDR (MFW),XDR,5.3574,2024-01-24
1155,bat (Tajlandia),THB,0.1125,2024-01-25
1156,dolar amerykański,USD,4.0189,2024-01-25
1157,dolar australijski,AUD,2.647,2024-01-25
1158,dolar Hongkongu,HKD,0.5142,2024-01-25
1159,dolar kanadyjski,CAD,2.9756,2024-01-25
1160,dolar nowozelandzki,NZD,2.4611,2024-01-25
1161,dolar singapurski,SGD,3.0003,2024-01-25
1162,euro,EUR,4.379,2024-01-25
1163,forint (Węgry),HUF,0.011359,2024-01-25
1164,frank szwajcarski,CHF,4.6543,2024-01-25
1165,funt szterling,GBP,5.1148,2024-01-25
1166,hrywna (Ukraina),UAH,0.107,2024-01-25
1167,jen (Japonia),JPY,0.027222,2024-01-25
1168,korona czeska,CZK,0.1765,2024-01-25
1169,korona duńska,DKK,0.5873,2024-01-25
1170,korona islandzka,ISK,0.029568,2024-01-25
1171,korona norweska,NOK,0.3859,2024-01-25
1172,korona szwedzka,SEK,0.3862,2024-01-25
1173,lej rumuński,RON,0.8797,2024-01-25
1174,lew (Bułgaria),BGN,2.239,2024-01-25
1175,lira turecka,TRY,0.1327,2024-01-25
1176,nowy izraelski szekel,ILS,1.0888,2024-01-25
1177,peso chilijskie,CLP,0.00441,2024-01-25
1178,peso filipińskie,PHP,0.0711,2024-01-25
1179,peso meksykańskie,MXN,0.233,2024-01-25
1180,rand (Republika Południowej Afryki),ZAR,0.213,2024-01-25
1181,real (Brazylia),BRL,0.8145,2024-01-25
1182,ringgit (Malezja),MYR,0.8494,2024-01-25
1183,rupia indonezyjska,IDR,0.00025396,2024-01-25
1184,rupia indyjska,INR,0.048353,2024-01-25
1185,won południowokoreański,KRW,0.00301,2024-01-25
1186,yuan renminbi (Chiny),CNY,0.5603,2024-01-25
1187,SDR (MFW),XDR,5.3533,2024-01-25
1188,bat (Tajlandia),THB,0.1134,2024-01-26
1189,dolar amerykański,USD,4.0393,2024-01-26
1190,dolar australijski,AUD,2.6622,2024-01-26
1191,dolar Hongkongu,HKD,0.5168,2024-01-26
1192,dolar kanadyjski,CAD,3.0019,2024-01-26
1193,dolar nowozelandzki,NZD,2.4649,2024-01-26
1194,dolar singapurski,SGD,3.0131,2024-01-26
1195,euro,EUR,4.3802,2024-01-26
1196,forint (Węgry),HUF,0.011343,2024-01-26
1197,frank szwajcarski,CHF,4.669,2024-01-26
1198,funt szterling,GBP,5.1357,2024-01-26
1199,hrywna (Ukraina),UAH,0.1069,2024-01-26
1200,jen (Japonia),JPY,0.027322,2024-01-26
1201,korona czeska,CZK,0.1769,2024-01-26
1202,korona duńska,DKK,0.5875,2024-01-26
1203,korona islandzka,ISK,0.029576,2024-01-26
1204,korona norweska,NOK,0.3865,2024-01-26
1205,korona szwedzka,SEK,0.3869,2024-01-26
1206,lej rumuński,RON,0.8802,2024-01-26
1207,lew (Bułgaria),BGN,2.2395,2024-01-26
1208,lira turecka,TRY,0.1332,2024-01-26
1209,nowy izraelski szekel,ILS,1.0885,2024-01-26
1210,peso chilijskie,CLP,0.004438,2024-01-26
1211,peso filipińskie,PHP,0.0717,2024-01-26
1212,peso meksykańskie,MXN,0.2355,2024-01-26
1213,rand (Republika Południowej Afryki),ZAR,0.2148,2024-01-26
1214,real (Brazylia),BRL,0.8215,2024-01-26
1215,ringgit (Malezja),MYR,0.8544,2024-01-26
1216,rupia indonezyjska,IDR,0.00025533,2024-01-26
1217,rupia indyjska,INR,0.048581,2024-01-26
1218,won południowokoreański,KRW,0.003026,2024-01-26
1219,yuan renminbi (Chiny),CNY,0.5629,2024-01-26
1220,SDR (MFW),XDR,5.3593,2024-01-26
1221,bat (Tajlandia),THB,0.1134,2024-01-29
1222,dolar amerykański,USD,4.0326,2024-01-29
1223,dolar australijski,AUD,2.6618,2024-01-29
1224,dolar Hongkongu,HKD,0.5161,2024-01-29
1225,dolar kanadyjski,CAD,3.0015,2024-01-29
1226,dolar nowozelandzki,NZD,2.4658,2024-01-29
1227,dolar singapurski,SGD,3.0065,2024-01-29
1228,euro,EUR,4.3653,2024-01-29
1229,forint (Węgry),HUF,0.011216,2024-01-29
1230,frank szwajcarski,CHF,4.6785,2024-01-29
1231,funt szterling,GBP,5.123,2024-01-29
1232,hrywna (Ukraina),UAH,0.1064,2024-01-29
1233,jen (Japonia),JPY,0.027294,2024-01-29
1234,korona czeska,CZK,0.1764,2024-01-29
1235,korona duńska,DKK,0.5856,2024-01-29
1236,korona islandzka,ISK,0.029396,2024-01-29
1237,korona norweska,NOK,0.3866,2024-01-29
1238,korona szwedzka,SEK,0.3848,2024-01-29
1239,lej rumuński,RON,0.877,2024-01-29
1240,lew (Bułgaria),BGN,2.2319,2024-01-29
1241,lira turecka,TRY,0.1329,2024-01-29
1242,nowy izraelski szekel,ILS,1.0927,2024-01-29
1243,peso chilijskie,CLP,0.004361,2024-01-29
1244,peso filipińskie,PHP,0.0715,2024-01-29
1245,peso meksykańskie,MXN,0.2349,2024-01-29
1246,rand (Republika Południowej Afryki),ZAR,0.2146,2024-01-29
1247,real (Brazylia),BRL,0.8201,2024-01-29
1248,ringgit (Malezja),MYR,0.8518,2024-01-29
1249,rupia indonezyjska,IDR,0.00025507,2024-01-29
1250,rupia indyjska,INR,0.048498,2024-01-29
1251,won południowokoreański,KRW,0.003017,2024-01-29
1252,yuan renminbi (Chiny),CNY,0.5615,2024-01-29
1253,SDR (MFW),XDR,5.3475,2024-01-29
1254,bat (Tajlandia),THB,0.1139,2024-01-30
1255,dolar amerykański,USD,4.0301,2024-01-30
1256,dolar australijski,AUD,2.6619,2024-01-30
1257,dolar Hongkongu,HKD,0.5156,2024-01-30
1258,dolar kanadyjski,CAD,3.0064,2024-01-30
1259,dolar nowozelandzki,NZD,2.4718,2024-01-30
1260,dolar singapurski,SGD,3.0085,2024-01-30
1261,euro,EUR,4.3634,2024-01-30
1262,forint (Węgry),HUF,0.011202,2024-01-30
1263,frank szwajcarski,CHF,4.6692,2024-01-30
1264,funt szterling,GBP,5.1106,2024-01-30
1265,hrywna (Ukraina),UAH,0.1064,2024-01-30
1266,jen (Japonia),JPY,0.027342,2024-01-30
1267,korona czeska,CZK,0.1756,2024-01-30
1268,korona duńska,DKK,0.5854,2024-01-30
1269,korona islandzka,ISK,0.029383,2024-01-30
1270,korona norweska,NOK,0.3866,2024-01-30
1271,korona szwedzka,SEK,0.387,2024-01-30
1272,lej rumuński,RON,0.8767,2024-01-30
1273,lew (Bułgaria),BGN,2.231,2024-01-30
1274,lira turecka,TRY,0.1327,2024-01-30
1275,nowy izraelski szekel,ILS,1.1043,2024-01-30
1276,peso chilijskie,CLP,0.004332,2024-01-30
1277,peso filipińskie,PHP,0.0715,2024-01-30
1278,peso meksykańskie,MXN,0.2344,2024-01-30
1279,rand (Republika Południowej Afryki),ZAR,0.2135,2024-01-30
1280,real (Brazylia),BRL,0.8138,2024-01-30
1281,ringgit (Malezja),MYR,0.8525,2024-01-30
1282,rupia indonezyjska,IDR,0.00025539,2024-01-30
1283,rupia indyjska,INR,0.048482,2024-01-30
1284,won południowokoreański,KRW,0.003031,2024-01-30
1285,yuan renminbi (Chiny),CNY,0.5614,2024-01-30
1286,SDR (MFW),XDR,5.3587,2024-01-30
1287,bat (Tajlandia),THB,0.1131,2024-01-31
1288,dolar amerykański,USD,4.0135,2024-01-31
1289,dolar australijski,AUD,2.6421,2024-01-31
1290,dolar Hongkongu,HKD,0.5133,2024-01-31
1291,dolar kanadyjski,CAD,2.99,2024-01-31
1292,dolar nowozelandzki,NZD,2.4586,2024-01-31
1293,dolar singapurski,SGD,2.995,2024-01-31
1294,euro,EUR,4.3434,2024-01-31
1295,forint (Węgry),HUF,0.01128,2024-01-31
1296,frank szwajcarski,CHF,4.6511,2024-01-31
1297,funt szterling,GBP,5.0848,2024-01-31
1298,hrywna (Ukraina),UAH,0.1069,2024-01-31
1299,jen (Japonia),JPY,0.027159,2024-01-31
1300,korona czeska,CZK,0.1753,2024-01-31
1301,korona duńska,DKK,0.5826,2024-01-31
1302,korona islandzka,ISK,0.029288,2024-01-31
1303,korona norweska,NOK,0.3829,2024-01-31
1304,korona szwedzka,SEK,0.3854,2024-01-31
1305,lej rumuński,RON,0.8726,2024-01-31
1306,lew (Bułgaria),BGN,2.2207,2024-01-31
1307,lira turecka,TRY,0.1322,2024-01-31
1308,nowy izraelski szekel,ILS,1.1019,2024-01-31
1309,peso chilijskie,CLP,0.004313,2024-01-31
1310,peso filipińskie,PHP,0.0713,2024-01-31
1311,peso meksykańskie,MXN,0.2343,2024-01-31
1312,rand (Republika Południowej Afryki),ZAR,0.2144,2024-01-31
1313,real (Brazylia),BRL,0.8108,2024-01-31
1314,ringgit (Malezja),MYR,0.8485,2024-01-31
1315,rupia indonezyjska,IDR,0.00025434,2024-01-31
1316,rupia indyjska,INR,0.048322,2024-01-31
1317,won południowokoreański,KRW,0.003008,2024-01-31
1318,yuan renminbi (Chiny),CNY,0.5592,2024-01-31
1319,SDR (MFW),XDR,5.3266,2024-01-31
1320,bat (Tajlandia),THB,0.1129,2024-02-01
1321,dolar amerykański,USD,4.0047,2024-02-01
1322,dolar australijski,AUD,2.6143,2024-02-01
1323,dolar Hongkongu,HKD,0.5121,2024-02-01
1324,dolar kanadyjski,CAD,2.9784,2024-02-01
1325,dolar nowozelandzki,NZD,2.4403,2024-02-01
1326,dolar singapurski,SGD,2.9872,2024-02-01
1327,euro,EUR,4.3247,2024-02-01
1328,forint (Węgry),HUF,0.011236,2024-02-01
1329,frank szwajcarski,CHF,4.6415,2024-02-01
1330,funt szterling,GBP,5.0688,2024-02-01
1331,hrywna (Ukraina),UAH,0.1064,2024-02-01
1332,jen (Japonia),JPY,0.027283,2024-02-01
1333,korona czeska,CZK,0.1738,2024-02-01
1334,korona duńska,DKK,0.5801,2024-02-01
1335,korona islandzka,ISK,0.029162,2024-02-01
1336,korona norweska,NOK,0.3808,2024-02-01
1337,korona szwedzka,SEK,0.3836,2024-02-01
1338,lej rumuński,RON,0.8692,2024-02-01
1339,lew (Bułgaria),BGN,2.2112,2024-02-01
1340,lira turecka,TRY,0.1321,2024-02-01
1341,nowy izraelski szekel,ILS,1.0948,2024-02-01
1342,peso chilijskie,CLP,0.004307,2024-02-01
1343,peso filipińskie,PHP,0.0714,2024-02-01
1344,peso meksykańskie,MXN,0.2324,2024-02-01
1345,rand (Republika Południowej Afryki),ZAR,0.2142,2024-02-01
1346,real (Brazylia),BRL,0.8086,2024-02-01
1347,ringgit (Malezja),MYR,0.8467,2024-02-01
1348,rupia indonezyjska,IDR,0.00025406,2024-02-01
1349,rupia indyjska,INR,0.048267,2024-02-01
1350,won południowokoreański,KRW,0.003002,2024-02-01
1351,yuan renminbi (Chiny),CNY,0.5576,2024-02-01
1352,SDR (MFW),XDR,5.3071,2024-02-01
1353,bat (Tajlandia),THB,0.1125,2024-02-02
1354,dolar amerykański,USD,3.9641,2024-02-02
1355,dolar australijski,AUD,2.6173,2024-02-02
1356,dolar Hongkongu,HKD,0.507,2024-02-02
1357,dolar kanadyjski,CAD,2.9653,2024-02-02
1358,dolar nowozelandzki,NZD,2.4395,2024-02-02
1359,dolar singapurski,SGD,2.9683,2024-02-02
1360,euro,EUR,4.3173,2024-02-02
1361,forint (Węgry),HUF,0.011263,2024-02-02
1362,frank szwajcarski,CHF,4.6291,2024-02-02
1363,funt szterling,GBP,5.0572,2024-02-02
1364,hrywna (Ukraina),UAH,0.1055,2024-02-02
1365,jen (Japonia),JPY,0.027024,2024-02-02
1366,korona czeska,CZK,0.1734,2024-02-02
1367,korona duńska,DKK,0.5792,2024-02-02
1368,korona islandzka,ISK,0.029151,2024-02-02
1369,korona norweska,NOK,0.3796,2024-02-02
1370,korona szwedzka,SEK,0.3827,2024-02-02
1371,lej rumuński,RON,0.8682,2024-02-02
1372,lew (Bułgaria),BGN,2.2074,2024-02-02
1373,lira turecka,TRY,0.1306,2024-02-02
1374,nowy izraelski szekel,ILS,1.0882,2024-02-02
1375,peso chilijskie,CLP,0.004251,2024-02-02
1376,peso filipińskie,PHP,0.0709,2024-02-02
1377,peso meksykańskie,MXN,0.2326,2024-02-02
1378,rand (Republika Południowej Afryki),ZAR,0.2126,2024-02-02
1379,real (Brazylia),BRL,0.8062,2024-02-02
1380,ringgit (Malezja),MYR,0.8404,2024-02-02
1381,rupia indonezyjska,IDR,0.00025318,2024-02-02
1382,rupia indyjska,INR,0.047807,2024-02-02
1383,won południowokoreański,KRW,0.002994,2024-02-02
1384,yuan renminbi (Chiny),CNY,0.5523,2024-02-02
1385,SDR (MFW),XDR,5.3054,2024-02-02
1386,bat (Tajlandia),THB,0.1124,2024-02-05
1387,dolar amerykański,USD,4.0244,2024-02-05
1388,dolar australijski,AUD,2.6159,2024-02-05
1389,dolar Hongkongu,HKD,0.5145,2024-02-05
1390,dolar kanadyjski,CAD,2.984,2024-02-05
1391,dolar nowozelandzki,NZD,2.4401,2024-02-05
1392,dolar singapurski,SGD,2.9899,2024-02-05
1393,euro,EUR,4.3278,2024-02-05
1394,forint (Węgry),HUF,0.011251,2024-02-05
1395,frank szwajcarski,CHF,4.624,2024-02-05
1396,funt szterling,GBP,5.0712,2024-02-05
1397,hrywna (Ukraina),UAH,0.1072,2024-02-05
1398,jen (Japonia),JPY,0.0271,2024-02-05
1399,korona czeska,CZK,0.1736,2024-02-05
1400,korona duńska,DKK,0.5805,2024-02-05
1401,korona islandzka,ISK,0.029183,2024-02-05
1402,korona norweska,NOK,0.3783,2024-02-05
1403,korona szwedzka,SEK,0.3812,2024-02-05
1404,lej rumuński,RON,0.8702,2024-02-05
1405,lew (Bułgaria),BGN,2.2127,2024-02-05
1406,lira turecka,TRY,0.1318,2024-02-05
1407,nowy izraelski szekel,ILS,1.0962,2024-02-05
1408,peso chilijskie,CLP,0.004247,2024-02-05
1409,peso filipińskie,PHP,0.0714,2024-02-05
1410,peso meksykańskie,MXN,0.2341,2024-02-05
1411,rand (Republika Południowej Afryki),ZAR,0.212,2024-02-05
1412,real (Brazylia),BRL,0.8097,2024-02-05
1413,ringgit (Malezja),MYR,0.8472,2024-02-05
1414,rupia indonezyjska,IDR,0.00025625,2024-02-05
1415,rupia indyjska,INR,0.048447,2024-02-05
1416,won południowokoreański,KRW,0.003016,2024-02-05
1417,yuan renminbi (Chiny),CNY,0.5591,2024-02-05
1418,SDR (MFW),XDR,5.3002,2024-02-05
1419,bat (Tajlandia),THB,0.1135,2024-02-06
1420,dolar amerykański,USD,4.0484,2024-02-06
1421,dolar australijski,AUD,2.6292,2024-02-06
1422,dolar Hongkongu,HKD,0.5175,2024-02-06
1423,dolar kanadyjski,CAD,2.9913,2024-02-06
1424,dolar nowozelandzki,NZD,2.4508,2024-02-06
1425,dolar singapurski,SGD,3.0071,2024-02-06
1426,euro,EUR,4.3435,2024-02-06
1427,forint (Węgry),HUF,0.011229,2024-02-06
1428,frank szwajcarski,CHF,4.6378,2024-02-06
1429,funt szterling,GBP,5.0777,2024-02-06
1430,hrywna (Ukraina),UAH,0.1075,2024-02-06
1431,jen (Japonia),JPY,0.027227,2024-02-06
1432,korona czeska,CZK,0.174,2024-02-06
1433,korona duńska,DKK,0.5822,2024-02-06
1434,korona islandzka,ISK,0.029328,2024-02-06
1435,korona norweska,NOK,0.3785,2024-02-06
1436,korona szwedzka,SEK,0.3816,2024-02-06
1437,lej rumuński,RON,0.873,2024-02-06
1438,lew (Bułgaria),BGN,2.2208,2024-02-06
1439,lira turecka,TRY,0.1326,2024-02-06
1440,nowy izraelski szekel,ILS,1.1046,2024-02-06
1441,peso chilijskie,CLP,0.004245,2024-02-06
1442,peso filipińskie,PHP,0.072,2024-02-06
1443,peso meksykańskie,MXN,0.2367,2024-02-06
1444,rand (Republika Południowej Afryki),ZAR,0.2135,2024-02-06
1445,real (Brazylia),BRL,0.812,2024-02-06
1446,ringgit (Malezja),MYR,0.8495,2024-02-06
1447,rupia indonezyjska,IDR,0.00025737,2024-02-06
1448,rupia indyjska,INR,0.048737,2024-02-06
1449,won południowokoreański,KRW,0.003047,2024-02-06
1450,yuan renminbi (Chiny),CNY,0.5631,2024-02-06
1451,SDR (MFW),XDR,5.3545,2024-02-06
1452,bat (Tajlandia),THB,0.1134,2024-02-07
1453,dolar amerykański,USD,4.0362,2024-02-07
1454,dolar australijski,AUD,2.6353,2024-02-07
1455,dolar Hongkongu,HKD,0.5161,2024-02-07
1456,dolar kanadyjski,CAD,2.9961,2024-02-07
1457,dolar nowozelandzki,NZD,2.4637,2024-02-07
1458,dolar singapurski,SGD,3.005,2024-02-07
1459,euro,EUR,4.3466,2024-02-07
1460,forint (Węgry),HUF,0.011217,2024-02-07
1461,frank szwajcarski,CHF,4.6322,2024-02-07
1462,funt szterling,GBP,5.099,2024-02-07
1463,hrywna (Ukraina),UAH,0.1073,2024-02-07
1464,jen (Japonia),JPY,0.027286,2024-02-07
1465,korona czeska,CZK,0.1742,2024-02-07
1466,korona duńska,DKK,0.5826,2024-02-07
1467,korona islandzka,ISK,0.02931,2024-02-07
1468,korona norweska,NOK,0.3809,2024-02-07
1469,korona szwedzka,SEK,0.385,2024-02-07
1470,lej rumuński,RON,0.8734,2024-02-07
1471,lew (Bułgaria),BGN,2.2224,2024-02-07
1472,lira turecka,TRY,0.1318,2024-02-07
1473,nowy izraelski szekel,ILS,1.1076,2024-02-07
1474,peso chilijskie,CLP,0.004259,2024-02-07
1475,peso filipińskie,PHP,0.0721,2024-02-07
1476,peso meksykańskie,MXN,0.2371,2024-02-07
1477,rand (Republika Południowej Afryki),ZAR,0.2141,2024-02-07
1478,real (Brazylia),BRL,0.8131,2024-02-07
1479,ringgit (Malezja),MYR,0.8478,2024-02-07
1480,rupia indonezyjska,IDR,0.00025815,2024-02-07
1481,rupia indyjska,INR,0.048644,2024-02-07
1482,won południowokoreański,KRW,0.003043,2024-02-07
1483,yuan renminbi (Chiny),CNY,0.561,2024-02-07
1484,SDR (MFW),XDR,5.3576,2024-02-07
1485,bat (Tajlandia),THB,0.1125,2024-02-08
1486,dolar amerykański,USD,4.0292,2024-02-08
1487,dolar australijski,AUD,2.623,2024-02-08
1488,dolar Hongkongu,HKD,0.5152,2024-02-08
1489,dolar kanadyjski,CAD,2.993,2024-02-08
1490,dolar nowozelandzki,NZD,2.4614,2024-02-08
1491,dolar singapurski,SGD,2.9959,2024-02-08
1492,euro,EUR,4.3449,2024-02-08
1493,forint (Węgry),HUF,0.011202,2024-02-08
1494,frank szwajcarski,CHF,4.6166,2024-02-08
1495,funt szterling,GBP,5.0892,2024-02-08
1496,hrywna (Ukraina),UAH,0.1072,2024-02-08
1497,jen (Japonia),JPY,0.027086,2024-02-08
1498,korona czeska,CZK,0.1742,2024-02-08
1499,korona duńska,DKK,0.5826,2024-02-08
1500,korona islandzka,ISK,0.029298,2024-02-08
1501,korona norweska,NOK,0.3799,2024-02-08
1502,korona szwedzka,SEK,0.3853,2024-02-08
1503,lej rumuński,RON,0.8732,2024-02-08
1504,lew (Bułgaria),BGN,2.2215,2024-02-08
1505,lira turecka,TRY,0.1318,2024-02-08
1506,nowy izraelski szekel,ILS,1.0995,2024-02-08
1507,peso chilijskie,CLP,0.004221,2024-02-08
1508,peso filipińskie,PHP,0.0721,2024-02-08
1509,peso meksykańskie,MXN,0.2365,2024-02-08
1510,rand (Republika Południowej Afryki),ZAR,0.2129,2024-02-08
1511,real (Brazylia),BRL,0.8105,2024-02-08
1512,ringgit (Malezja),MYR,0.8448,2024-02-08
1513,rupia indonezyjska,IDR,0.00025772,2024-02-08
1514,rupia indyjska,INR,0.048567,2024-02-08
1515,won południowokoreański,KRW,0.00303,2024-02-08
1516,yuan renminbi (Chiny),CNY,0.5599,2024-02-08
1517,SDR (MFW),XDR,5.3475,2024-02-08
1518,bat (Tajlandia),THB,0.1117,2024-02-09
1519,dolar amerykański,USD,4.0096,2024-02-09
1520,dolar australijski,AUD,2.6088,2024-02-09
1521,dolar Hongkongu,HKD,0.5126,2024-02-09
1522,dolar kanadyjski,CAD,2.9792,2024-02-09
1523,dolar nowozelandzki,NZD,2.4628,2024-02-09
1524,dolar singapurski,SGD,2.9772,2024-02-09
1525,euro,EUR,4.3167,2024-02-09
1526,forint (Węgry),HUF,0.011107,2024-02-09
1527,frank szwajcarski,CHF,4.5779,2024-02-09
1528,funt szterling,GBP,5.0559,2024-02-09
1529,hrywna (Ukraina),UAH,0.1065,2024-02-09
1530,jen (Japonia),JPY,0.02683,2024-02-09
1531,korona czeska,CZK,0.1713,2024-02-09
1532,korona duńska,DKK,0.579,2024-02-09
1533,korona islandzka,ISK,0.02903,2024-02-09
1534,korona norweska,NOK,0.3786,2024-02-09
1535,korona szwedzka,SEK,0.3828,2024-02-09
1536,lej rumuński,RON,0.8672,2024-02-09
1537,lew (Bułgaria),BGN,2.2071,2024-02-09
1538,lira turecka,TRY,0.1307,2024-02-09
1539,nowy izraelski szekel,ILS,1.0878,2024-02-09
1540,peso chilijskie,CLP,0.004151,2024-02-09
1541,peso filipińskie,PHP,0.0717,2024-02-09
1542,peso meksykańskie,MXN,0.2341,2024-02-09
1543,rand (Republika Południowej Afryki),ZAR,0.2107,2024-02-09
1544,real (Brazylia),BRL,0.8031,2024-02-09
1545,ringgit (Malezja),MYR,0.8415,2024-02-09
1546,rupia indonezyjska,IDR,0.00025645,2024-02-09
1547,rupia indyjska,INR,0.048278,2024-02-09
1548,won południowokoreański,KRW,0.003013,2024-02-09
1549,yuan renminbi (Chiny),CNY,0.5573,2024-02-09
1550,SDR (MFW),XDR,5.3161,2024-02-09
1551,bat (Tajlandia),THB,0.112,2024-02-12
1552,dolar amerykański,USD,4.0189,2024-02-12
1553,dolar australijski,AUD,2.6191,2024-02-12
1554,dolar Hongkongu,HKD,0.5139,2024-02-12
1555,dolar kanadyjski,CAD,2.9847,2024-02-12
1556,dolar nowozelandzki,NZD,2.4608,2024-02-12
1557,dolar singapurski,SGD,2.9869,2024-02-12
1558,euro,EUR,4.328,2024-02-12
1559,forint (Węgry),HUF,0.011165,2024-02-12
1560,frank szwajcarski,CHF,4.5906,2024-02-12
1561,funt szterling,GBP,5.0721,2024-02-12
1562,hrywna (Ukraina),UAH,0.1061,2024-02-12
1563,jen (Japonia),JPY,0.026949,2024-02-12
1564,korona czeska,CZK,0.1716,2024-02-12
1565,korona duńska,DKK,0.5805,2024-02-12
1566,korona islandzka,ISK,0.029184,2024-02-12
1567,korona norweska,NOK,0.3818,2024-02-12
1568,korona szwedzka,SEK,0.3847,2024-02-12
1569,lej rumuński,RON,0.8698,2024-02-12
1570,lew (Bułgaria),BGN,2.2128,2024-02-12
1571,lira turecka,TRY,0.1311,2024-02-12
1572,nowy izraelski szekel,ILS,1.088,2024-02-12
1573,peso chilijskie,CLP,0.004142,2024-02-12
1574,peso filipińskie,PHP,0.0717,2024-02-12
1575,peso meksykańskie,MXN,0.2355,2024-02-12
1576,rand (Republika Południowej Afryki),ZAR,0.211,2024-02-12
1577,real (Brazylia),BRL,0.8113,2024-02-12
1578,ringgit (Malezja),MYR,0.8434,2024-02-12
1579,rupia indonezyjska,IDR,0.00025772,2024-02-12
1580,rupia indyjska,INR,0.048414,2024-02-12
1581,won południowokoreański,KRW,0.003022,2024-02-12
1582,yuan renminbi (Chiny),CNY,0.5587,2024-02-12
1583,SDR (MFW),XDR,5.3242,2024-02-12
1584,bat (Tajlandia),THB,0.1124,2024-02-13
1585,dolar amerykański,USD,4.0136,2024-02-13
1586,dolar australijski,AUD,2.6155,2024-02-13
1587,dolar Hongkongu,HKD,0.5134,2024-02-13
1588,dolar kanadyjski,CAD,2.984,2024-02-13
1589,dolar nowozelandzki,NZD,2.4491,2024-02-13
1590,dolar singapurski,SGD,2.983,2024-02-13
1591,euro,EUR,4.3214,2024-02-13
1592,forint (Węgry),HUF,0.011168,2024-02-13
1593,frank szwajcarski,CHF,4.562,2024-02-13
1594,funt szterling,GBP,5.0786,2024-02-13
1595,hrywna (Ukraina),UAH,0.1053,2024-02-13
1596,jen (Japonia),JPY,0.026833,2024-02-13
1597,korona czeska,CZK,0.1712,2024-02-13
1598,korona duńska,DKK,0.5797,2024-02-13
1599,korona islandzka,ISK,0.029061,2024-02-13
1600,korona norweska,NOK,0.3819,2024-02-13
1601,korona szwedzka,SEK,0.3845,2024-02-13
1602,lej rumuński,RON,0.8684,2024-02-13
1603,lew (Bułgaria),BGN,2.2095,2024-02-13
1604,lira turecka,TRY,0.1306,2024-02-13
1605,nowy izraelski szekel,ILS,1.0996,2024-02-13
1606,peso chilijskie,CLP,0.004136,2024-02-13
1607,peso filipińskie,PHP,0.0717,2024-02-13
1608,peso meksykańskie,MXN,0.2349,2024-02-13
1609,rand (Republika Południowej Afryki),ZAR,0.2131,2024-02-13
1610,real (Brazylia),BRL,0.8102,2024-02-13
1611,ringgit (Malezja),MYR,0.8421,2024-02-13
1612,rupia indonezyjska,IDR,0.00025737,2024-02-13
1613,rupia indyjska,INR,0.048344,2024-02-13
1614,won południowokoreański,KRW,0.003016,2024-02-13
1615,yuan renminbi (Chiny),CNY,0.5579,2024-02-13
1616,SDR (MFW),XDR,5.3164,2024-02-13
1617,bat (Tajlandia),THB,0.1123,2024-02-14
1618,dolar amerykański,USD,4.0593,2024-02-14
1619,dolar australijski,AUD,2.6291,2024-02-14
1620,dolar Hongkongu,HKD,0.5192,2024-02-14
1621,dolar kanadyjski,CAD,2.9973,2024-02-14
1622,dolar nowozelandzki,NZD,2.4675,2024-02-14
1623,dolar singapurski,SGD,3.0073,2024-02-14
1624,euro,EUR,4.3435,2024-02-14
1625,forint (Węgry),HUF,0.011192,2024-02-14
1626,frank szwajcarski,CHF,4.5748,2024-02-14
1627,funt szterling,GBP,5.0902,2024-02-14
1628,hrywna (Ukraina),UAH,0.1064,2024-02-14
1629,jen (Japonia),JPY,0.026945,2024-02-14
1630,korona czeska,CZK,0.1715,2024-02-14
1631,korona duńska,DKK,0.5827,2024-02-14
1632,korona islandzka,ISK,0.02921,2024-02-14
1633,korona norweska,NOK,0.3815,2024-02-14
1634,korona szwedzka,SEK,0.3839,2024-02-14
1635,lej rumuński,RON,0.8728,2024-02-14
1636,lew (Bułgaria),BGN,2.2208,2024-02-14
1637,lira turecka,TRY,0.1322,2024-02-14
1638,nowy izraelski szekel,ILS,1.1084,2024-02-14
1639,peso chilijskie,CLP,0.004181,2024-02-14
1640,peso filipińskie,PHP,0.0723,2024-02-14
1641,peso meksykańskie,MXN,0.2366,2024-02-14
1642,rand (Republika Południowej Afryki),ZAR,0.2119,2024-02-14
1643,real (Brazylia),BRL,0.8195,2024-02-14
1644,ringgit (Malezja),MYR,0.8482,2024-02-14
1645,rupia indonezyjska,IDR,0.00026031,2024-02-14
1646,rupia indyjska,INR,0.048893,2024-02-14
1647,won południowokoreański,KRW,0.003042,2024-02-14
1648,yuan renminbi (Chiny),CNY,0.5643,2024-02-14
1649,SDR (MFW),XDR,5.3359,2024-02-14
1650,bat (Tajlandia),THB,0.1119,2024-02-15
1651,dolar amerykański,USD,4.0495,2024-02-15
1652,dolar australijski,AUD,2.6302,2024-02-15
1653,dolar Hongkongu,HKD,0.5178,2024-02-15
1654,dolar kanadyjski,CAD,2.9916,2024-02-15
1655,dolar nowozelandzki,NZD,2.4644,2024-02-15
1656,dolar singapurski,SGD,3.0059,2024-02-15
1657,euro,EUR,4.3463,2024-02-15
1658,forint (Węgry),HUF,0.011169,2024-02-15
1659,frank szwajcarski,CHF,4.5849,2024-02-15
1660,funt szterling,GBP,5.084,2024-02-15
1661,hrywna (Ukraina),UAH,0.1067,2024-02-15
1662,jen (Japonia),JPY,0.026991,2024-02-15
1663,korona czeska,CZK,0.171,2024-02-15
1664,korona duńska,DKK,0.583,2024-02-15
1665,korona islandzka,ISK,0.029229,2024-02-15
1666,korona norweska,NOK,0.3829,2024-02-15
1667,korona szwedzka,SEK,0.3856,2024-02-15
1668,lej rumuński,RON,0.8733,2024-02-15
1669,lew (Bułgaria),BGN,2.2222,2024-02-15
1670,lira turecka,TRY,0.1318,2024-02-15
1671,nowy izraelski szekel,ILS,1.1151,2024-02-15
1672,peso chilijskie,CLP,0.004224,2024-02-15
1673,peso filipińskie,PHP,0.0723,2024-02-15
1674,peso meksykańskie,MXN,0.2375,2024-02-15
1675,rand (Republika Południowej Afryki),ZAR,0.2131,2024-02-15
1676,real (Brazylia),BRL,0.8141,2024-02-15
1677,ringgit (Malezja),MYR,0.8471,2024-02-15
1678,rupia indonezyjska,IDR,0.00025925,2024-02-15
1679,rupia indyjska,INR,0.048758,2024-02-15
1680,won południowokoreański,KRW,0.00304,2024-02-15
1681,yuan renminbi (Chiny),CNY,0.5629,2024-02-15
1682,SDR (MFW),XDR,5.3611,2024-02-15
1683,bat (Tajlandia),THB,0.112,2024-02-16
1684,dolar amerykański,USD,4.0325,2024-02-16
1685,dolar australijski,AUD,2.6304,2024-02-16
1686,dolar Hongkongu,HKD,0.5155,2024-02-16
1687,dolar kanadyjski,CAD,2.9913,2024-02-16
1688,dolar nowozelandzki,NZD,2.4634,2024-02-16
1689,dolar singapurski,SGD,2.9953,2024-02-16
1690,euro,EUR,4.3414,2024-02-16
1691,forint (Węgry),HUF,0.01115,2024-02-16
1692,frank szwajcarski,CHF,4.5769,2024-02-16
1693,funt szterling,GBP,5.0753,2024-02-16
1694,hrywna (Ukraina),UAH,0.1062,2024-02-16
1695,jen (Japonia),JPY,0.02683,2024-02-16
1696,korona czeska,CZK,0.1707,2024-02-16
1697,korona duńska,DKK,0.5823,2024-02-16
1698,korona islandzka,ISK,0.029117,2024-02-16
1699,korona norweska,NOK,0.3831,2024-02-16
1700,korona szwedzka,SEK,0.3859,2024-02-16
1701,lej rumuński,RON,0.8722,2024-02-16
1702,lew (Bułgaria),BGN,2.2198,2024-02-16
1703,lira turecka,TRY,0.1308,2024-02-16
1704,nowy izraelski szekel,ILS,1.1185,2024-02-16
1705,peso chilijskie,CLP,0.004174,2024-02-16
1706,peso filipińskie,PHP,0.0721,2024-02-16
1707,peso meksykańskie,MXN,0.2368,2024-02-16
1708,rand (Republika Południowej Afryki),ZAR,0.2133,2024-02-16
1709,real (Brazylia),BRL,0.8108,2024-02-16
1710,ringgit (Malezja),MYR,0.8435,2024-02-16
1711,rupia indonezyjska,IDR,0.00025816,2024-02-16
1712,rupia indyjska,INR,0.048572,2024-02-16
1713,won południowokoreański,KRW,0.003024,2024-02-16
1714,yuan renminbi (Chiny),CNY,0.5623,2024-02-16
1715,SDR (MFW),XDR,5.3457,2024-02-16
1716,bat (Tajlandia),THB,0.1118,2024-02-19
1717,dolar amerykański,USD,4.0269,2024-02-19
1718,dolar australijski,AUD,2.6336,2024-02-19
1719,dolar Hongkongu,HKD,0.5149,2024-02-19
1720,dolar kanadyjski,CAD,2.9888,2024-02-19
1721,dolar nowozelandzki,NZD,2.4748,2024-02-19
1722,dolar singapurski,SGD,2.9923,2024-02-19
1723,euro,EUR,4.339,2024-02-19
1724,forint (Węgry),HUF,0.011147,2024-02-19
1725,frank szwajcarski,CHF,4.57,2024-02-19
1726,funt szterling,GBP,5.0796,2024-02-19
1727,hrywna (Ukraina),UAH,0.1052,2024-02-19
1728,jen (Japonia),JPY,0.026858,2024-02-19
1729,korona czeska,CZK,0.1704,2024-02-19
1730,korona duńska,DKK,0.582,2024-02-19
1731,korona islandzka,ISK,0.02918,2024-02-19
1732,korona norweska,NOK,0.3833,2024-02-19
1733,korona szwedzka,SEK,0.386,2024-02-19
1734,lej rumuński,RON,0.8718,2024-02-19
1735,lew (Bułgaria),BGN,2.2185,2024-02-19
1736,lira turecka,TRY,0.1306,2024-02-19
1737,nowy izraelski szekel,ILS,1.1143,2024-02-19
1738,peso chilijskie,CLP,0.00415,2024-02-19
1739,peso filipińskie,PHP,0.0718,2024-02-19
1740,peso meksykańskie,MXN,0.2362,2024-02-19
1741,rand (Republika Południowej Afryki),ZAR,0.2122,2024-02-19
1742,real (Brazylia),BRL,0.8105,2024-02-19
1743,ringgit (Malezja),MYR,0.8412,2024-02-19
1744,rupia indonezyjska,IDR,0.00025764,2024-02-19
1745,rupia indyjska,INR,0.048512,2024-02-19
1746,won południowokoreański,KRW,0.003015,2024-02-19
1747,yuan renminbi (Chiny),CNY,0.5594,2024-02-19
1748,SDR (MFW),XDR,5.3382,2024-02-19
1749,bat (Tajlandia),THB,0.1109,2024-02-20
1750,dolar amerykański,USD,3.9994,2024-02-20
1751,dolar australijski,AUD,2.6212,2024-02-20
1752,dolar Hongkongu,HKD,0.5113,2024-02-20
1753,dolar kanadyjski,CAD,2.9641,2024-02-20
1754,dolar nowozelandzki,NZD,2.4657,2024-02-20
1755,dolar singapurski,SGD,2.974,2024-02-20
1756,euro,EUR,4.3186,2024-02-20
1757,forint (Węgry),HUF,0.011101,2024-02-20
1758,frank szwajcarski,CHF,4.5361,2024-02-20
1759,funt szterling,GBP,5.0407,2024-02-20
1760,hrywna (Ukraina),UAH,0.104,2024-02-20
1761,jen (Japonia),JPY,0.026614,2024-02-20
1762,korona czeska,CZK,0.1696,2024-02-20
1763,korona duńska,DKK,0.5793,2024-02-20
1764,korona islandzka,ISK,0.029042,2024-02-20
1765,korona norweska,NOK,0.3816,2024-02-20
1766,korona szwedzka,SEK,0.3851,2024-02-20
1767,lej rumuński,RON,0.8677,2024-02-20
1768,lew (Bułgaria),BGN,2.208,2024-02-20
1769,lira turecka,TRY,0.1294,2024-02-20
1770,nowy izraelski szekel,ILS,1.0946,2024-02-20
1771,peso chilijskie,CLP,0.004139,2024-02-20
1772,peso filipińskie,PHP,0.0713,2024-02-20
1773,peso meksykańskie,MXN,0.2349,2024-02-20
1774,rand (Republika Południowej Afryki),ZAR,0.2101,2024-02-20
1775,real (Brazylia),BRL,0.8068,2024-02-20
1776,ringgit (Malezja),MYR,0.8337,2024-02-20
1777,rupia indonezyjska,IDR,0.00025539,2024-02-20
1778,rupia indyjska,INR,0.048206,2024-02-20
1779,won południowokoreański,KRW,0.002995,2024-02-20
1780,yuan renminbi (Chiny),CNY,0.5557,2024-02-20
1781,SDR (MFW),XDR,5.3131,2024-02-20
1782,bat (Tajlandia),THB,0.1115,2024-02-21
1783,dolar amerykański,USD,3.9966,2024-02-21
1784,dolar australijski,AUD,2.6192,2024-02-21
1785,dolar Hongkongu,HKD,0.511,2024-02-21
1786,dolar kanadyjski,CAD,2.9546,2024-02-21
1787,dolar nowozelandzki,NZD,2.4713,2024-02-21
1788,dolar singapurski,SGD,2.9735,2024-02-21
1789,euro,EUR,4.3163,2024-02-21
1790,forint (Węgry),HUF,0.011125,2024-02-21
1791,frank szwajcarski,CHF,4.5385,2024-02-21
1792,funt szterling,GBP,5.0406,2024-02-21
1793,hrywna (Ukraina),UAH,0.1034,2024-02-21
1794,jen (Japonia),JPY,0.026624,2024-02-21
1795,korona czeska,CZK,0.1699,2024-02-21
1796,korona duńska,DKK,0.579,2024-02-21
1797,korona islandzka,ISK,0.029105,2024-02-21
1798,korona norweska,NOK,0.38,2024-02-21
1799,korona szwedzka,SEK,0.3847,2024-02-21
1800,lej rumuński,RON,0.8674,2024-02-21
1801,lew (Bułgaria),BGN,2.2069,2024-02-21
1802,lira turecka,TRY,0.1292,2024-02-21
1803,nowy izraelski szekel,ILS,1.0831,2024-02-21
1804,peso chilijskie,CLP,0.004154,2024-02-21
1805,peso filipińskie,PHP,0.0714,2024-02-21
1806,peso meksykańskie,MXN,0.2342,2024-02-21
1807,rand (Republika Południowej Afryki),ZAR,0.2113,2024-02-21
1808,real (Brazylia),BRL,0.811,2024-02-21
1809,ringgit (Malezja),MYR,0.8337,2024-02-21
1810,rupia indonezyjska,IDR,0.00025562,2024-02-21
1811,rupia indyjska,INR,0.048174,2024-02-21
1812,won południowokoreański,KRW,0.002992,2024-02-21
1813,yuan renminbi (Chiny),CNY,0.556,2024-02-21
1814,SDR (MFW),XDR,5.2974,2024-02-21
1815,bat (Tajlandia),THB,0.1111,2024-02-22
1816,dolar amerykański,USD,3.9804,2024-02-22
1817,dolar australijski,AUD,2.6203,2024-02-22
1818,dolar Hongkongu,HKD,0.5089,2024-02-22
1819,dolar kanadyjski,CAD,2.9591,2024-02-22
1820,dolar nowozelandzki,NZD,2.4704,2024-02-22
1821,dolar singapurski,SGD,2.9684,2024-02-22
1822,euro,EUR,4.3199,2024-02-22
1823,forint (Węgry),HUF,0.011157,2024-02-22
1824,frank szwajcarski,CHF,4.5379,2024-02-22
1825,funt szterling,GBP,5.0454,2024-02-22
1826,hrywna (Ukraina),UAH,0.1035,2024-02-22
1827,jen (Japonia),JPY,0.026504,2024-02-22
1828,korona czeska,CZK,0.1705,2024-02-22
1829,korona duńska,DKK,0.5795,2024-02-22
1830,korona islandzka,ISK,0.029012,2024-02-22
1831,korona norweska,NOK,0.3813,2024-02-22
1832,korona szwedzka,SEK,0.3871,2024-02-22
1833,lej rumuński,RON,0.8679,2024-02-22
1834,lew (Bułgaria),BGN,2.2087,2024-02-22
1835,lira turecka,TRY,0.1285,2024-02-22
1836,nowy izraelski szekel,ILS,1.0879,2024-02-22
1837,peso chilijskie,CLP,0.004108,2024-02-22
1838,peso filipińskie,PHP,0.0714,2024-02-22
1839,peso meksykańskie,MXN,0.2336,2024-02-22
1840,rand (Republika Południowej Afryki),ZAR,0.2103,2024-02-22
1841,real (Brazylia),BRL,0.806,2024-02-22
1842,ringgit (Malezja),MYR,0.8333,2024-02-22
1843,rupia indonezyjska,IDR,0.00025532,2024-02-22
1844,rupia indyjska,INR,0.048046,2024-02-22
1845,won południowokoreański,KRW,0.003001,2024-02-22
1846,yuan renminbi (Chiny),CNY,0.5536,2024-02-22
1847,SDR (MFW),XDR,5.3001,2024-02-22
1848,bat (Tajlandia),THB,0.1109,2024-02-23
1849,dolar amerykański,USD,4.005,2024-02-23
1850,dolar australijski,AUD,2.6248,2024-02-23
1851,dolar Hongkongu,HKD,0.5119,2024-02-23
1852,dolar kanadyjski,CAD,2.9674,2024-02-23
1853,dolar nowozelandzki,NZD,2.4763,2024-02-23
1854,dolar singapurski,SGD,2.9768,2024-02-23
1855,euro,EUR,4.3326,2024-02-23
1856,forint (Węgry),HUF,0.011144,2024-02-23
1857,frank szwajcarski,CHF,4.5427,2024-02-23
1858,funt szterling,GBP,5.0691,2024-02-23
1859,hrywna (Ukraina),UAH,0.1044,2024-02-23
1860,jen (Japonia),JPY,0.026569,2024-02-23
1861,korona czeska,CZK,0.1706,2024-02-23
1862,korona duńska,DKK,0.5813,2024-02-23
1863,korona islandzka,ISK,0.029255,2024-02-23
1864,korona norweska,NOK,0.3794,2024-02-23
1865,korona szwedzka,SEK,0.3872,2024-02-23
1866,lej rumuński,RON,0.8708,2024-02-23
1867,lew (Bułgaria),BGN,2.2152,2024-02-23
1868,lira turecka,TRY,0.1293,2024-02-23
1869,nowy izraelski szekel,ILS,1.1017,2024-02-23
1870,peso chilijskie,CLP,0.00409,2024-02-23
1871,peso filipińskie,PHP,0.0716,2024-02-23
1872,peso meksykańskie,MXN,0.234,2024-02-23
1873,rand (Republika Południowej Afryki),ZAR,0.2072,2024-02-23
1874,real (Brazylia),BRL,0.8067,2024-02-23
1875,ringgit (Malezja),MYR,0.8383,2024-02-23
1876,rupia indonezyjska,IDR,0.00025682,2024-02-23
1877,rupia indyjska,INR,0.048287,2024-02-23
1878,won południowokoreański,KRW,0.003003,2024-02-23
1879,yuan renminbi (Chiny),CNY,0.5563,2024-02-23
1880,SDR (MFW),XDR,5.309,2024-02-23
1881,bat (Tajlandia),THB,0.111,2024-02-26
1882,dolar amerykański,USD,3.9776,2024-02-26
1883,dolar australijski,AUD,2.604,2024-02-26
1884,dolar Hongkongu,HKD,0.5084,2024-02-26
1885,dolar kanadyjski,CAD,2.9414,2024-02-26
1886,dolar nowozelandzki,NZD,2.4544,2024-02-26
1887,dolar singapurski,SGD,2.9593,2024-02-26
1888,euro,EUR,4.3117,2024-02-26
1889,forint (Węgry),HUF,0.011074,2024-02-26
1890,frank szwajcarski,CHF,4.5208,2024-02-26
1891,funt szterling,GBP,5.0435,2024-02-26
1892,hrywna (Ukraina),UAH,0.1036,2024-02-26
1893,jen (Japonia),JPY,0.026405,2024-02-26
1894,korona czeska,CZK,0.1701,2024-02-26
1895,korona duńska,DKK,0.5784,2024-02-26
1896,korona islandzka,ISK,0.028996,2024-02-26
1897,korona norweska,NOK,0.3773,2024-02-26
1898,korona szwedzka,SEK,0.3861,2024-02-26
1899,lej rumuński,RON,0.8669,2024-02-26
1900,lew (Bułgaria),BGN,2.2046,2024-02-26
1901,lira turecka,TRY,0.128,2024-02-26
1902,nowy izraelski szekel,ILS,1.0929,2024-02-26
1903,peso chilijskie,CLP,0.004063,2024-02-26
1904,peso filipińskie,PHP,0.0709,2024-02-26
1905,peso meksykańskie,MXN,0.2325,2024-02-26
1906,rand (Republika Południowej Afryki),ZAR,0.2056,2024-02-26
1907,real (Brazylia),BRL,0.7964,2024-02-26
1908,ringgit (Malezja),MYR,0.8327,2024-02-26
1909,rupia indonezyjska,IDR,0.00025448,2024-02-26
1910,rupia indyjska,INR,0.047984,2024-02-26
1911,won południowokoreański,KRW,0.002989,2024-02-26
1912,yuan renminbi (Chiny),CNY,0.5526,2024-02-26
1913,SDR (MFW),XDR,5.2819,2024-02-26
1914,bat (Tajlandia),THB,0.1108,2024-02-27
1915,dolar amerykański,USD,3.9682,2024-02-27
1916,dolar australijski,AUD,2.6004,2024-02-27
1917,dolar Hongkongu,HKD,0.5072,2024-02-27
1918,dolar kanadyjski,CAD,2.941,2024-02-27
1919,dolar nowozelandzki,NZD,2.4471,2024-02-27
1920,dolar singapurski,SGD,2.9539,2024-02-27
1921,euro,EUR,4.3067,2024-02-27
1922,forint (Węgry),HUF,0.011071,2024-02-27
1923,frank szwajcarski,CHF,4.5113,2024-02-27
1924,funt szterling,GBP,5.0353,2024-02-27
1925,hrywna (Ukraina),UAH,0.1032,2024-02-27
1926,jen (Japonia),JPY,0.026409,2024-02-27
1927,korona czeska,CZK,0.1701,2024-02-27
1928,korona duńska,DKK,0.5777,2024-02-27
1929,korona islandzka,ISK,0.028846,2024-02-27
1930,korona norweska,NOK,0.3774,2024-02-27
1931,korona szwedzka,SEK,0.3856,2024-02-27
1932,lej rumuński,RON,0.8668,2024-02-27
1933,lew (Bułgaria),BGN,2.202,2024-02-27
1934,lira turecka,TRY,0.1276,2024-02-27
1935,nowy izraelski szekel,ILS,1.0908,2024-02-27
1936,peso chilijskie,CLP,0.004015,2024-02-27
1937,peso filipińskie,PHP,0.0707,2024-02-27
1938,peso meksykańskie,MXN,0.2327,2024-02-27
1939,rand (Republika Południowej Afryki),ZAR,0.207,2024-02-27
1940,real (Brazylia),BRL,0.7968,2024-02-27
1941,ringgit (Malezja),MYR,0.8333,2024-02-27
1942,rupia indonezyjska,IDR,0.00025372,2024-02-27
1943,rupia indyjska,INR,0.047891,2024-02-27
1944,won południowokoreański,KRW,0.002981,2024-02-27
1945,yuan renminbi (Chiny),CNY,0.5512,2024-02-27
1946,SDR (MFW),XDR,5.2713,2024-02-27
1947,bat (Tajlandia),THB,0.1107,2024-02-28
1948,dolar amerykański,USD,3.9922,2024-02-28
1949,dolar australijski,AUD,2.5912,2024-02-28
1950,dolar Hongkongu,HKD,0.5101,2024-02-28
1951,dolar kanadyjski,CAD,2.9382,2024-02-28
1952,dolar nowozelandzki,NZD,2.4326,2024-02-28
1953,dolar singapurski,SGD,2.9637,2024-02-28
1954,euro,EUR,4.3116,2024-02-28
1955,forint (Węgry),HUF,0.011019,2024-02-28
1956,frank szwajcarski,CHF,4.5292,2024-02-28
1957,funt szterling,GBP,5.0404,2024-02-28
1958,hrywna (Ukraina),UAH,0.1045,2024-02-28
1959,jen (Japonia),JPY,0.026482,2024-02-28
1960,korona czeska,CZK,0.1702,2024-02-28
1961,korona duńska,DKK,0.5784,2024-02-28
1962,korona islandzka,ISK,0.028879,2024-02-28
1963,korona norweska,NOK,0.3762,2024-02-28
1964,korona szwedzka,SEK,0.3847,2024-02-28
1965,lej rumuński,RON,0.8674,2024-02-28
1966,lew (Bułgaria),BGN,2.2045,2024-02-28
1967,lira turecka,TRY,0.1282,2024-02-28
1968,nowy izraelski szekel,ILS,1.1023,2024-02-28
1969,peso chilijskie,CLP,0.004068,2024-02-28
1970,peso filipińskie,PHP,0.0709,2024-02-28
1971,peso meksykańskie,MXN,0.2335,2024-02-28
1972,rand (Republika Południowej Afryki),ZAR,0.2071,2024-02-28
1973,real (Brazylia),BRL,0.8092,2024-02-28
1974,ringgit (Malezja),MYR,0.8371,2024-02-28
1975,rupia indonezyjska,IDR,0.00025452,2024-02-28
1976,rupia indyjska,INR,0.048135,2024-02-28
1977,won południowokoreański,KRW,0.002986,2024-02-28
1978,yuan renminbi (Chiny),CNY,0.5545,2024-02-28
1979,SDR (MFW),XDR,5.2764,2024-02-28
1980,bat (Tajlandia),THB,0.111,2024-02-29
1981,dolar amerykański,USD,3.9803,2024-02-29
1982,dolar australijski,AUD,2.5885,2024-02-29
1983,dolar Hongkongu,HKD,0.5085,2024-02-29
1984,dolar kanadyjski,CAD,2.93,2024-02-29
1985,dolar nowozelandzki,NZD,2.4237,2024-02-29
1986,dolar singapurski,SGD,2.9609,2024-02-29
1987,euro,EUR,4.319,2024-02-29
1988,forint (Węgry),HUF,0.010965,2024-02-29
1989,frank szwajcarski,CHF,4.5332,2024-02-29
1990,funt szterling,GBP,5.042,2024-02-29
1991,hrywna (Ukraina),UAH,0.1047,2024-02-29
1992,jen (Japonia),JPY,0.02657,2024-02-29
1993,korona czeska,CZK,0.1705,2024-02-29
1994,korona duńska,DKK,0.5794,2024-02-29
1995,korona islandzka,ISK,0.028928,2024-02-29
1996,korona norweska,NOK,0.3756,2024-02-29
1997,korona szwedzka,SEK,0.3855,2024-02-29
1998,lej rumuński,RON,0.8693,2024-02-29
1999,lew (Bułgaria),BGN,2.2082,2024-02-29
2000,lira turecka,TRY,0.1275,2024-02-29
2001,nowy izraelski szekel,ILS,1.1134,2024-02-29
2002,peso chilijskie,CLP,0.004075,2024-02-29
2003,peso filipińskie,PHP,0.0708,2024-02-29
2004,peso meksykańskie,MXN,0.2332,2024-02-29
2005,rand (Republika Południowej Afryki),ZAR,0.2072,2024-02-29
2006,real (Brazylia),BRL,0.8012,2024-02-29
2007,ringgit (Malezja),MYR,0.8387,2024-02-29
2008,rupia indonezyjska,IDR,0.00025328,2024-02-29
2009,rupia indyjska,INR,0.048003,2024-02-29
2010,won południowokoreański,KRW,0.002981,2024-02-29
2011,yuan renminbi (Chiny),CNY,0.5532,2024-02-29
2012,SDR (MFW),XDR,5.3005,2024-02-29
2013,bat (Tajlandia),THB,0.111,2024-03-01
2014,dolar amerykański,USD,3.9922,2024-03-01
2015,dolar australijski,AUD,2.5953,2024-03-01
2016,dolar Hongkongu,HKD,0.51,2024-03-01
2017,dolar kanadyjski,CAD,2.9398,2024-03-01
2018,dolar nowozelandzki,NZD,2.4318,2024-03-01
2019,dolar singapurski,SGD,2.9646,2024-03-01
2020,euro,EUR,4.3176,2024-03-01
2021,forint (Węgry),HUF,0.010966,2024-03-01
2022,frank szwajcarski,CHF,4.5099,2024-03-01
2023,funt szterling,GBP,5.0413,2024-03-01
2024,hrywna (Ukraina),UAH,0.1046,2024-03-01
2025,jen (Japonia),JPY,0.026502,2024-03-01
2026,korona czeska,CZK,0.1704,2024-03-01
2027,korona duńska,DKK,0.5792,2024-03-01
2028,korona islandzka,ISK,0.02888,2024-03-01
2029,korona norweska,NOK,0.3771,2024-03-01
2030,korona szwedzka,SEK,0.386,2024-03-01
2031,lej rumuński,RON,0.8686,2024-03-01
2032,lew (Bułgaria),BGN,2.2075,2024-03-01
2033,lira turecka,TRY,0.1276,2024-03-01
2034,nowy izraelski szekel,ILS,1.118,2024-03-01
2035,peso chilijskie,CLP,0.004132,2024-03-01
2036,peso filipińskie,PHP,0.0712,2024-03-01
2037,peso meksykańskie,MXN,0.2342,2024-03-01
2038,rand (Republika Południowej Afryki),ZAR,0.2077,2024-03-01
2039,real (Brazylia),BRL,0.8031,2024-03-01
2040,ringgit (Malezja),MYR,0.8413,2024-03-01
2041,rupia indonezyjska,IDR,0.00025428,2024-03-01
2042,rupia indyjska,INR,0.048148,2024-03-01
2043,won południowokoreański,KRW,0.002991,2024-03-01
2044,yuan renminbi (Chiny),CNY,0.5545,2024-03-01
2045,SDR (MFW),XDR,5.2946,2024-03-01
